Date,Ticker,Volume,AverageVolume,PercentChange,RVOL,Price,PriceChangePercent,PriceFilterEnabled,PriceFilterResult,VolumeConditionResult,FinalAlertResult,DirectionTriggered
2021-06-07,VTI,2762800,3967594.0,-30.37,0.6963,219.57,,False,True,False,False,
2021-06-08,VTI,2831700,3923314.0,-27.82,0.7218,220.02,,False,True,False,False,
2021-06-09,VTI,2688600,3908850.0,-31.22,0.6878,219.4,,False,True,False,False,
2021-06-10,VTI,2936700,3871364.0,-24.14,0.7586,220.37,,False,True,False,False,
2021-06-11,VTI,2837200,3850888.0,-26.32,0.7368,221.02,,False,True,False,False,
2021-06-14,VTI,3189400,3797736.0,-16.02,0.8398,221.36,,False,True,False,False,
2021-06-15,VTI,3094000,3770658.0,-17.95,0.8205,220.78,,False,True,False,False,
2021-06-16,VTI,3459600,3713710.0,-6.84,0.9316,219.68,,False,True,False,False,
2021-06-17,VTI,3002900,3702304.0,-18.89,0.8111,219.47,,False,True,False,False,
2021-06-18,VTI,4538300,3696380.0,22.78,1.2278,216.75,,False,True,False,False,
2021-06-21,VTI,3870000,3714568.0,4.18,1.0418,219.74,,False,True,False,False,
2021-06-22,VTI,2684300,3720786.0,-27.86,0.7214,220.99,,False,True,False,False,
2021-06-23,VTI,2662200,3696816.0,-27.99,0.7201,220.9,,False,True,False,False,
2021-06-24,VTI,2931600,3668922.0,-20.1,0.799,221.72,,False,True,False,False,
2021-06-25,VTI,2801300,3652242.0,-23.3,0.767,222.55,,False,True,False,False,
2021-06-28,VTI,3094900,3599476.0,-14.02,0.8598,222.8,,False,True,False,False,
2021-06-29,VTI,4068000,3575254.0,13.78,1.1378,222.81,,False,True,False,False,
2021-06-30,VTI,3041700,3576876.0,-14.96,0.8504,222.82,,False,True,False,False,
2021-07-01,VTI,3836000,3533504.0,8.56,1.0856,224.03,,False,True,False,False,
2021-07-02,VTI,3026400,3546866.0,-14.67,0.8533,225.27,,False,True,False,False,
2021-07-06,VTI,4147200,3519498.0,17.83,1.1783,224.78,,False,True,False,False,
2021-07-07,VTI,4042200,3514956.0,15.0,1.15,225.08,,False,True,False,False,
2021-07-08,VTI,4486100,3531750.0,27.02,1.2702,223.18,,False,True,False,False,
2021-07-09,VTI,3886600,3568072.0,8.93,1.0893,225.88,,False,True,False,False,
2021-07-12,VTI,3294600,3593726.0,-8.32,0.9168,226.51,,False,True,False,False,
2021-07-13,VTI,4668400,3576042.0,30.55,1.3055,225.25,,False,True,False,False,
2021-07-14,VTI,2830200,3604278.0,-21.48,0.7852,224.94,,False,True,False,False,
2021-07-15,VTI,3276500,3583956.0,-8.58,0.9142,224.15,,False,True,False,False,
2021-07-16,VTI,3203300,3551486.0,-9.8,0.902,222.39,,False,True,False,False,
2021-07-19,VTI,6966200,3574900.0,94.86,1.9486,219.23,,False,True,False,False,
2021-07-20,VTI,5362900,3631600.0,47.67,1.4767,223.02,,False,True,False,False,
2021-07-21,VTI,2542500,3661496.0,-30.56,0.6944,225.02,,False,True,False,False,
2021-07-22,VTI,2236200,3623470.0,-38.29,0.6171,225.21,,False,True,False,False,
2021-07-23,VTI,2982700,3548996.0,-15.96,0.8404,227.46,,False,True,False,False,
2021-07-26,VTI,2849700,3492882.0,-18.41,0.8159,227.92,,False,True,False,False,
2021-07-27,VTI,4169600,3450458.0,20.84,1.2084,226.69,,False,True,False,False,
2021-07-28,VTI,3306700,3447998.0,-4.1,0.959,227.04,,False,True,False,False,
2021-07-29,VTI,2960900,3432868.0,-13.75,0.8625,228.04,,False,True,False,False,
2021-07-30,VTI,2846800,3428624.0,-16.97,0.8303,226.69,,False,True,False,False,
2021-08-02,VTI,3558100,3365260.0,5.73,1.0573,226.37,,False,True,False,False,
2021-08-03,VTI,3245400,3366856.0,-3.61,0.9639,227.99,,False,True,False,False,
2021-08-04,VTI,3374500,3359298.0,0.45,1.0045,226.97,,False,True,False,False,
2021-08-05,VTI,2461700,3369314.0,-26.94,0.7306,228.59,,False,True,False,False,
2021-08-06,VTI,2343100,3344536.0,-29.94,0.7006,228.87,,False,True,False,False,
2021-08-09,VTI,3295500,3326236.0,-0.92,0.9908,228.78,,False,True,False,False,
2021-08-10,VTI,2946700,3339802.0,-11.77,0.8823,228.93,,False,True,False,False,
2021-08-11,VTI,3051400,3346022.0,-8.81,0.9119,229.38,,False,True,False,False,
2021-08-12,VTI,2746000,3330936.0,-17.56,0.8244,230.02,,False,True,False,False,
2021-08-13,VTI,2516000,3313868.0,-24.08,0.7592,230.15,,False,True,False,False,
2021-08-16,VTI,3193200,3304848.0,-3.38,0.9662,230.24,,False,True,False,False,
2021-08-17,VTI,3735100,3322970.0,12.4,1.124,228.53,,False,True,False,False,
2021-08-18,VTI,3194100,3342416.0,-4.44,0.9556,226.25,,False,True,False,False,
2021-08-19,VTI,3964500,3349664.0,18.36,1.1836,226.08,,False,True,False,False,
2021-08-20,VTI,2655100,3375182.0,-21.33,0.7867,228.11,,False,True,False,False,
2021-08-23,VTI,3180600,3369550.0,-5.61,0.9439,230.32,,False,True,False,False,
2021-08-24,VTI,2772300,3376418.0,-17.89,0.8211,231.14,,False,True,False,False,
2021-08-25,VTI,2897000,3368076.0,-13.99,0.8601,231.8,,False,True,False,False,
2021-08-26,VTI,3352000,3364136.0,-0.36,0.9964,230.25,,False,True,False,False,
2021-08-27,VTI,3749800,3361984.0,11.54,1.1154,232.73,,False,True,False,False,
2021-08-30,VTI,3194000,3376922.0,-5.42,0.9458,233.61,,False,True,False,False,
2021-08-31,VTI,3099400,3350036.0,-7.48,0.9252,233.17,,False,True,False,False,
2021-09-01,VTI,3533100,3334624.0,5.95,1.0595,233.58,,False,True,False,False,
2021-09-02,VTI,3274600,3351600.0,-2.3,0.977,234.37,,False,True,False,False,
2021-09-03,VTI,2484200,3363848.0,-26.15,0.7385,234.29,,False,True,False,False,
2021-09-07,VTI,3256800,3354900.0,-2.92,0.9708,233.28,,False,True,False,False,
2021-09-08,VTI,3027600,3364010.0,-10.0,0.9,232.73,,False,True,False,False,
2021-09-09,VTI,3265900,3362664.0,-2.88,0.9712,231.92,,False,True,False,False,
2021-09-10,VTI,3385600,3346622.0,1.16,1.0116,230.08,,False,True,False,False,
2021-09-13,VTI,3312700,3353500.0,-1.22,0.9878,230.6,,False,True,False,False,
2021-09-14,VTI,3158900,3343034.0,-5.51,0.9449,229.21,,False,True,False,False,
2021-09-15,VTI,2598900,3345684.0,-22.32,0.7768,231.1,,False,True,False,False,
2021-09-16,VTI,2537200,3314718.0,-23.46,0.7654,230.89,,False,True,False,False,
2021-09-17,VTI,3078200,3284618.0,-6.28,0.9372,229.04,,False,True,False,False,
2021-09-20,VTI,7749300,3256460.0,137.97,2.3797,225.07,,False,True,True,True,UP
2021-09-21,VTI,4564400,3333714.0,36.92,1.3692,225.05,,False,True,False,False,
2021-09-22,VTI,4187300,3359110.0,24.66,1.2466,227.32,,False,True,False,False,
2021-09-23,VTI,3778100,3349488.0,12.8,1.128,230.09,,False,True,False,False,
2021-09-24,VTI,3122800,3368446.0,-7.29,0.9271,229.64,,False,True,False,False,
2021-09-27,VTI,2856700,3365372.0,-15.11,0.8489,229.14,,False,True,False,False,
2021-09-28,VTI,5078600,3358440.0,51.22,1.5122,224.34,,False,True,False,False,
2021-09-29,VTI,4585500,3320688.0,38.09,1.3809,224.49,,False,True,False,False,
2021-09-30,VTI,5080200,3305140.0,53.71,1.5371,222.06,,False,True,False,False,
2021-10-01,VTI,5148600,3355894.0,53.42,1.5342,225.12,,False,True,False,False,
2021-10-04,VTI,4984000,3414142.0,45.98,1.4598,221.73,,False,True,False,False,
2021-10-05,VTI,3568200,3454168.0,3.3,1.033,223.8,,False,True,False,False,
2021-10-06,VTI,3076000,3468538.0,-11.32,0.8868,224.73,,False,True,False,False,
2021-10-07,VTI,3081300,3446666.0,-10.6,0.894,226.89,,False,True,False,False,
2021-10-08,VTI,1922600,3442158.0,-44.15,0.5585,226.39,,False,True,False,False,
2021-10-11,VTI,2354900,3421392.0,-31.17,0.6883,224.76,,False,True,False,False,
2021-10-12,VTI,2898400,3411554.0,-15.04,0.8496,224.6,,False,True,False,False,
2021-10-13,VTI,3179500,3398360.0,-6.44,0.9356,225.62,,False,True,False,False,
2021-10-14,VTI,2688800,3397042.0,-20.85,0.7915,229.37,,False,True,False,False,
2021-10-15,VTI,2717900,3383328.0,-19.67,0.8033,230.73,,False,True,False,False,
2021-10-18,VTI,3078300,3388452.0,-9.15,0.9085,231.57,,False,True,False,False,
2021-10-19,VTI,2683100,3403156.0,-21.16,0.7884,233.26,,False,True,False,False,
2021-10-20,VTI,2838400,3390908.0,-16.29,0.8371,234.17,,False,True,False,False,
2021-10-21,VTI,2839800,3388742.0,-16.2,0.838,234.81,,False,True,False,False,
2021-10-22,VTI,2144500,3384510.0,-36.64,0.6336,234.36,,False,True,False,False,
2021-10-25,VTI,2170100,3372480.0,-35.65,0.6435,235.8,,False,True,False,False,
2021-10-26,VTI,2759900,3365562.0,-18.0,0.82,235.71,,False,True,False,False,
2021-10-27,VTI,3409600,3356896.0,1.57,1.0157,234.1,,False,True,False,False,
2021-10-28,VTI,2104900,3350386.0,-37.17,0.6283,236.6,,False,True,False,False,
2021-10-29,VTI,3565900,3328602.0,7.13,1.0713,236.91,,False,True,False,False,
2021-11-01,VTI,3967500,3320630.0,19.48,1.1948,238.09,,False,True,False,False,
2021-11-02,VTI,4004800,3346878.0,19.66,1.1966,238.83,,False,True,False,False,
2021-11-03,VTI,3704400,3363362.0,10.14,1.1014,240.52,,False,True,False,False,
2021-11-04,VTI,3557000,3382004.0,5.17,1.0517,241.43,,False,True,False,False,
2021-11-05,VTI,3919400,3395204.0,15.44,1.1544,242.36,,False,True,False,False,
2021-11-08,VTI,3401400,3406552.0,-0.15,0.9985,242.76,,False,True,False,False,
2021-11-09,VTI,2764100,3399584.0,-18.69,0.8131,242.06,,False,True,False,False,
2021-11-10,VTI,3356500,3390986.0,-1.02,0.9898,239.68,,False,True,False,False,
2021-11-11,VTI,2277100,3396128.0,-32.95,0.6705,239.97,,False,True,False,False,
2021-11-12,VTI,2419900,3371008.0,-28.21,0.7179,241.75,,False,True,False,False,
2021-11-15,VTI,3630500,3353914.0,8.25,1.0825,241.75,,False,True,False,False,
2021-11-16,VTI,2947400,3376840.0,-12.72,0.8728,242.79,,False,True,False,False,
2021-11-17,VTI,2809000,3370652.0,-16.66,0.8334,241.79,,False,True,False,False,
2021-11-18,VTI,3507700,3366280.0,4.2,1.042,242.17,,False,True,False,False,
2021-11-19,VTI,3353800,3371116.0,-0.51,0.9949,241.48,,False,True,False,False,
2021-11-22,VTI,3902900,3370480.0,15.8,1.158,240.32,,False,True,False,False,
2021-11-23,VTI,3826200,3382284.0,13.12,1.1312,240.4,,False,True,False,False,
2021-11-24,VTI,2195400,3395630.0,-35.35,0.6465,241.21,,False,True,False,False,
2021-11-26,VTI,5730300,3387560.0,69.16,1.6916,235.99,,False,True,False,False,
2021-11-29,VTI,4789200,3451422.0,38.76,1.3876,238.21,,False,True,False,False,
2021-11-30,VTI,7231400,3485642.0,107.46,2.0746,233.45,,False,True,True,True,UP
2021-12-01,VTI,5274700,3475284.0,51.78,1.5178,230.16,,False,True,False,False,
2021-12-02,VTI,4257400,3489490.0,22.01,1.2201,233.9,,False,True,False,False,
2021-12-03,VTI,5821900,3490892.0,66.77,1.6677,231.19,,False,True,False,False,
2021-12-06,VTI,4210600,3531768.0,19.22,1.1922,234.16,,False,True,False,False,
2021-12-07,VTI,4284700,3553524.0,20.58,1.2058,239.17,,False,True,False,False,
2021-12-08,VTI,3417400,3582084.0,-4.6,0.954,240.2,,False,True,False,False,
2021-12-09,VTI,2853800,3548860.0,-19.59,0.8041,237.91,,False,True,False,False,
2021-12-10,VTI,2610800,3514226.0,-25.71,0.7429,239.53,,False,True,False,False,
2021-12-13,VTI,5839100,3464838.0,68.52,1.6852,237.35,,False,True,False,False,
2021-12-14,VTI,3360400,3478648.0,-3.4,0.966,235.57,,False,True,False,False,
2021-12-15,VTI,3720700,3446176.0,7.97,1.0797,239.2,,False,True,False,False,
2021-12-16,VTI,3876100,3449226.0,12.38,1.1238,236.52,,False,True,False,False,
2021-12-17,VTI,4455100,3465228.0,28.57,1.2857,235.44,,False,True,False,False,
2021-12-20,VTI,5839800,3492704.0,67.2,1.672,232.13,,False,True,False,False,
2021-12-21,VTI,4158800,3571048.0,16.46,1.1646,236.68,,False,True,False,False,
2021-12-22,VTI,3202900,3607126.0,-11.21,0.8879,239.02,,False,True,False,False,
2021-12-23,VTI,2925100,3613216.0,-19.04,0.8096,240.67,,False,True,False,False,
2021-12-27,VTI,4395100,3608128.0,21.81,1.2181,242.96,,False,True,False,False,
2021-12-28,VTI,3960900,3642254.0,8.75,1.0875,242.46,,False,True,False,False,
2021-12-29,VTI,3044300,3667114.0,-16.98,0.8302,242.6,,False,True,False,False,
2021-12-30,VTI,4501500,3666434.0,22.78,1.2278,242.21,,False,True,False,False,
2021-12-31,VTI,3499900,3702802.0,-5.48,0.9452,241.44,,False,True,False,False,
2022-01-03,VTI,4204000,3716032.0,13.13,1.1313,242.97,,False,True,False,False,
2022-01-04,VTI,4217000,3743316.0,12.65,1.1265,242.51,,False,True,False,False,
2022-01-05,VTI,4878300,3784766.0,28.89,1.2889,237.25,,False,True,False,False,
2022-01-06,VTI,4519200,3838930.0,17.72,1.1772,237.19,,False,True,False,False,
2022-01-07,VTI,3580200,3874116.0,-7.59,0.9241,236.11,,False,True,False,False,
2022-01-10,VTI,5819600,3877528.0,50.09,1.5009,235.7,,False,True,False,False,
2022-01-11,VTI,3524800,3951822.0,-10.81,0.8919,238.05,,False,True,False,False,
2022-01-12,VTI,4033100,3951000.0,2.08,1.0208,238.42,,False,True,False,False,
2022-01-13,VTI,4049300,3952312.0,2.45,1.0245,234.93,,False,True,False,False,
2022-01-14,VTI,3829900,3953202.0,-3.12,0.9688,235.02,,False,True,False,False,
2022-01-18,VTI,6511600,3955712.0,64.61,1.6461,230.45,,False,True,False,False,
2022-01-19,VTI,4868100,4014804.0,21.25,1.2125,228.03,,False,True,False,False,
2022-01-20,VTI,5175100,4033778.0,28.29,1.2829,225.37,,False,True,False,False,
2022-01-21,VTI,8582600,4069252.0,110.91,2.1091,220.91,,False,True,True,True,UP
2022-01-24,VTI,22004300,4185622.0,425.71,5.2571,222.33,,False,True,True,True,UP
2022-01-25,VTI,6600400,4558578.0,44.79,1.4479,219.22,,False,True,False,False,
2022-01-26,VTI,7096400,4645044.0,52.77,1.5277,218.37,,False,True,False,False,
2022-01-27,VTI,5789200,4738574.0,22.17,1.2217,216.75,,False,True,False,False,
2022-01-28,VTI,4961200,4781748.0,3.75,1.0375,222.09,,False,True,False,False,
2022-01-31,VTI,5306400,4822024.0,10.05,1.1005,226.81,,False,True,False,False,
2022-02-01,VTI,4697600,4871972.0,-3.58,0.9642,228.54,,False,True,False,False,
2022-02-02,VTI,4048200,4895770.0,-17.31,0.8269,230.05,,False,True,False,False,
2022-02-03,VTI,4217700,4909658.0,-14.09,0.8591,224.58,,False,True,False,False,
2022-02-04,VTI,3585300,4915954.0,-27.07,0.7293,226.07,,False,True,False,False,
2022-02-07,VTI,2757300,4911136.0,-43.86,0.5614,225.5,,False,True,False,False,
2022-02-08,VTI,3075500,4922374.0,-37.52,0.6248,227.57,,False,True,False,False,
2022-02-09,VTI,3698700,4869278.0,-24.04,0.7596,231.27,,False,True,False,False,
2022-02-10,VTI,3511200,4847468.0,-27.57,0.7243,227.35,,False,True,False,False,
2022-02-11,VTI,4839800,4773064.0,1.4,1.014,222.94,,False,True,False,False,
2022-02-14,VTI,4402100,4764366.0,-7.6,0.924,222.12,,False,True,False,False,
2022-02-15,VTI,4406200,4767260.0,-7.57,0.9243,226.07,,False,True,False,False,
2022-02-16,VTI,4812400,4738946.0,1.55,1.0155,226.28,,False,True,False,False,
2022-02-17,VTI,5784600,4750982.0,21.76,1.2176,221.14,,False,True,False,False,
2022-02-18,VTI,7007900,4780980.0,46.58,1.4658,219.37,,False,True,False,False,
2022-02-22,VTI,7748900,4852790.0,59.68,1.5968,216.85,,False,True,False,False,
2022-02-23,VTI,7684500,4950692.0,55.22,1.5522,212.86,,False,True,False,False,
2022-02-24,VTI,10471000,5052166.0,107.26,2.0726,216.59,,False,True,True,True,UP
2022-02-25,VTI,4615100,5144804.0,-10.3,0.897,221.41,,False,True,False,False,
2022-02-28,VTI,4219800,5169898.0,-18.38,0.8162,221.17,,False,True,False,False,
2022-03-01,VTI,4765000,5179880.0,-8.01,0.9199,217.72,,False,True,False,False,
2022-03-02,VTI,3884900,5197658.0,-25.26,0.7474,221.85,,False,True,False,False,
2022-03-03,VTI,4161700,5186254.0,-19.76,0.8024,220.16,,False,True,False,False,
2022-03-04,VTI,4518100,5152692.0,-12.32,0.8768,217.96,,False,True,False,False,
2022-03-07,VTI,7953400,5159878.0,54.14,1.5414,211.24,,False,True,False,False,
2022-03-08,VTI,6132200,5254888.0,16.7,1.167,210.05,,False,True,False,False,
2022-03-09,VTI,4558400,5319030.0,-14.3,0.857,215.88,,False,True,False,False,
2022-03-10,VTI,5271300,5322296.0,-0.96,0.9904,214.91,,False,True,False,False,
2022-03-11,VTI,5511000,5348504.0,3.04,1.0304,211.99,,False,True,False,False,
2022-03-14,VTI,6284200,5397838.0,16.42,1.1642,209.9,,False,True,False,False,
2022-03-15,VTI,6491000,5433492.0,19.46,1.1946,214.28,,False,True,False,False,
2022-03-16,VTI,4863500,5493314.0,-11.47,0.8853,219.64,,False,True,False,False,
2022-03-17,VTI,6570100,5506504.0,19.32,1.1932,222.58,,False,True,False,False,
2022-03-18,VTI,3425100,5553566.0,-38.33,0.6167,225.18,,False,True,False,False,
2022-03-21,VTI,2802200,5524502.0,-49.28,0.5072,224.97,,False,True,False,False,
2022-03-22,VTI,3269300,5490162.0,-40.45,0.5955,227.73,,False,True,False,False,
2022-03-23,VTI,2695400,5483944.0,-50.85,0.4915,223.93,,False,True,False,False,
2022-03-24,VTI,2375100,5421460.0,-56.19,0.4381,227.12,,False,True,False,False,
2022-03-25,VTI,3851100,5398466.0,-28.66,0.7134,228.09,,False,True,False,False,
2022-03-28,VTI,6799400,5394826.0,26.04,1.2604,229.57,,False,True,False,False,
2022-03-29,VTI,4470500,5449828.0,-17.97,0.8203,233.05,,False,True,False,False,
2022-03-30,VTI,3436400,5462640.0,-37.09,0.6291,231.16,,False,True,False,False,
2022-03-31,VTI,4087000,5401136.0,-24.33,0.7567,227.67,,False,True,False,False,
2022-04-01,VTI,3456400,5385514.0,-35.82,0.6418,228.58,,False,True,False,False,
2022-04-04,VTI,3241100,5351140.0,-39.43,0.6057,230.52,,False,True,False,False,
2022-04-05,VTI,3268800,5244310.0,-37.67,0.6233,227.15,,False,True,False,False,
2022-04-06,VTI,4122000,4869600.0,-15.35,0.8465,224.54,,False,True,False,False,
2022-04-07,VTI,4347500,4820032.0,-9.8,0.902,225.39,,False,True,False,False,
2022-04-08,VTI,2954800,4765054.0,-37.99,0.6201,224.69,,False,True,False,False,
2022-04-11,VTI,2942200,4708366.0,-37.51,0.6249,221.18,,False,True,False,False,
2022-04-12,VTI,3164200,4667986.0,-32.21,0.6779,220.5,,False,True,False,False,
2022-04-13,VTI,2404600,4625142.0,-48.01,0.5199,223.39,,False,True,False,False,
2022-04-14,VTI,2465500,4579282.0,-46.16,0.5384,220.67,,False,True,False,False,
2022-04-18,VTI,3674400,4547628.0,-19.2,0.808,220.29,,False,True,False,False,
2022-04-19,VTI,2631200,4536762.0,-42.0,0.58,224.17,,False,True,False,False,
2022-04-20,VTI,2933200,4517680.0,-35.07,0.6493,223.88,,False,True,False,False,
2022-04-21,VTI,3172100,4521198.0,-29.84,0.7016,220.22,,False,True,False,False,
2022-04-22,VTI,6361400,4523130.0,40.64,1.4064,214.22,,False,True,False,False,
2022-04-25,VTI,9271800,4576384.0,102.6,2.026,215.39,,False,True,True,True,UP
2022-04-26,VTI,6891100,4691596.0,46.88,1.4688,209.25,,False,True,False,False,
2022-04-27,VTI,4955900,4732622.0,4.72,1.0472,209.66,,False,True,False,False,
2022-04-28,VTI,3767700,4743698.0,-20.57,0.7943,214.77,,False,True,False,False,
2022-04-29,VTI,7330500,4730928.0,54.95,1.5495,206.88,,False,True,False,False,
2022-05-02,VTI,10630500,4781290.0,122.34,2.2234,208.44,,False,True,True,True,UP
2022-05-03,VTI,3901800,4878208.0,-20.02,0.7998,209.43,,False,True,False,False,
2022-05-04,VTI,3870600,4816086.0,-19.63,0.8037,215.57,,False,True,False,False,
2022-05-05,VTI,5186700,4738520.0,9.46,1.0946,207.62,,False,True,False,False,
2022-05-06,VTI,5193900,4688564.0,10.78,1.1078,205.95,,False,True,False,False,
2022-05-09,VTI,9551400,4583022.0,108.41,2.0841,198.65,,False,True,True,True,UP
2022-05-10,VTI,7605000,4681748.0,62.44,1.6244,199.05,,False,True,False,False,
2022-05-11,VTI,6365500,4749452.0,34.03,1.3403,195.45,,False,True,False,False,
2022-05-12,VTI,7964900,4781462.0,66.58,1.6658,195.66,,False,True,False,False,
2022-05-13,VTI,4543200,4863062.0,-6.58,0.9342,200.9,,False,True,False,False,
2022-05-16,VTI,4479400,4870692.0,-8.03,0.9197,199.91,,False,True,False,False,
2022-05-17,VTI,3954500,4869918.0,-18.8,0.812,204.18,,False,True,False,False,
2022-05-18,VTI,4712200,4789940.0,-1.62,0.9838,196.19,,False,True,False,False,
2022-05-19,VTI,5710900,4761540.0,19.94,1.1994,195.32,,False,True,False,False,
2022-05-20,VTI,5153300,4784590.0,7.71,1.0771,195.32,,False,True,False,False,
2022-05-23,VTI,5018000,4782230.0,4.93,1.0493,198.66,,False,True,False,False,
2022-05-24,VTI,4788700,4772370.0,0.34,1.0034,196.67,,False,True,False,False,
2022-05-25,VTI,4921900,4742460.0,3.78,1.0378,198.86,,False,True,False,False,
2022-05-26,VTI,4216700,4711078.0,-10.49,0.8951,202.93,,False,True,False,False,
2022-05-27,VTI,4381100,4698142.0,-6.75,0.9325,208.07,,False,True,False,False,
2022-05-31,VTI,4100900,4654362.0,-11.89,0.8811,206.36,,False,True,False,False,
2022-06-01,VTI,3087800,4667878.0,-33.85,0.6615,205.0,,False,True,False,False,
2022-06-02,VTI,2977800,4673590.0,-36.28,0.6372,209.18,,False,True,False,False,
2022-06-03,VTI,2694100,4667760.0,-42.28,0.5772,205.84,,False,True,False,False,
2022-06-06,VTI,2745500,4667734.0,-41.18,0.5882,206.45,,False,True,False,False,
2022-06-07,VTI,3350500,4675142.0,-28.33,0.7167,208.69,,False,True,False,False,
2022-06-08,VTI,2187200,4665130.0,-53.12,0.4688,206.35,,False,True,False,False,
2022-06-09,VTI,3061100,4572886.0,-33.06,0.6694,201.41,,False,True,False,False,
2022-06-10,VTI,5703800,4544698.0,25.5,1.255,195.43,,False,True,False,False,
2022-06-13,VTI,10468300,4590046.0,128.07,2.2807,187.45,,False,True,True,True,UP
2022-06-14,VTI,7045900,4717672.0,49.35,1.4935,186.92,,False,True,False,False,
2022-06-15,VTI,5011700,4789462.0,4.64,1.0464,189.64,,False,True,False,False,
2022-06-16,VTI,8225100,4824874.0,70.47,1.7047,183.02,,False,True,False,False,
2022-06-17,VTI,5252700,4924000.0,6.68,1.0668,183.71,,False,True,False,False,
2022-06-21,VTI,6103400,4946614.0,23.39,1.2339,188.16,,False,True,False,False,
2022-06-22,VTI,7321300,4981732.0,46.96,1.4696,188.13,,False,True,False,False,
2022-06-23,VTI,6675800,5069062.0,31.7,1.317,189.08,,False,True,False,False,
2022-06-24,VTI,3856400,5143734.0,-25.03,0.7497,195.19,,False,True,False,False,
2022-06-27,VTI,5950400,5157578.0,15.37,1.1537,194.59,,False,True,False,False,
2022-06-28,VTI,6012700,5228494.0,15.0,1.15,190.58,,False,True,False,False,
2022-06-29,VTI,4155800,5299438.0,-21.58,0.7842,190.26,,False,True,False,False,
2022-06-30,VTI,4250300,5309066.0,-19.94,0.8006,188.62,,False,True,False,False,
2022-07-01,VTI,3223100,5341448.0,-39.66,0.6034,190.61,,False,True,False,False,
2022-07-05,VTI,3986100,5347246.0,-25.46,0.7454,191.29,,False,True,False,False,
2022-07-06,VTI,2981000,5363526.0,-44.42,0.5558,191.67,,False,True,False,False,
2022-07-07,VTI,2919300,5295918.0,-44.88,0.5512,194.83,,False,True,False,False,
2022-07-08,VTI,2799200,5168868.0,-45.85,0.5415,194.63,,False,True,False,False,
2022-07-11,VTI,3033800,5087030.0,-40.36,0.5964,192.17,,False,True,False,False,
2022-07-12,VTI,2640300,5048588.0,-47.7,0.523,190.51,,False,True,False,False,
2022-07-13,VTI,3322400,5026040.0,-33.9,0.661,189.68,,False,True,False,False,
2022-07-14,VTI,3355600,4945878.0,-32.15,0.6785,188.84,,False,True,False,False,
2022-07-15,VTI,2914600,4800380.0,-39.28,0.6072,192.51,,False,True,False,False,
2022-07-18,VTI,3974200,4780636.0,-16.87,0.8313,191.18,,False,True,False,False,
2022-07-19,VTI,3287500,4782708.0,-31.26,0.6874,196.52,,False,True,False,False,
2022-07-20,VTI,3332400,4744724.0,-29.77,0.7023,198.11,,False,True,False,False,
2022-07-21,VTI,2929300,4707494.0,-37.77,0.6223,200.07,,False,True,False,False,
2022-07-22,VTI,2717400,4575052.0,-40.6,0.594,197.9,,False,True,False,False,
2022-07-25,VTI,2997100,4477300.0,-33.06,0.6694,198.17,,False,True,False,False,
2022-07-26,VTI,2918500,4409932.0,-33.82,0.6618,195.72,,False,True,False,False,
2022-07-27,VTI,2902200,4309004.0,-32.65,0.6735,200.86,,False,True,False,False,
2022-07-28,VTI,2670700,4276184.0,-37.54,0.6246,203.48,,False,True,False,False,
2022-07-29,VTI,3342400,4240010.0,-21.17,0.7883,206.25,,False,True,False,False,
2022-08-01,VTI,3531500,4227768.0,-16.47,0.8353,205.77,,False,True,False,False,
2022-08-02,VTI,3020900,4204154.0,-28.14,0.7186,204.66,,False,True,False,False,
2022-08-03,VTI,2827100,4150354.0,-31.88,0.6812,207.95,,False,True,False,False,
2022-08-04,VTI,2261800,4103830.0,-44.89,0.5511,207.75,,False,True,False,False,
2022-08-05,VTI,2758900,4048706.0,-31.86,0.6814,207.68,,False,True,False,False,
2022-08-08,VTI,3024200,4008110.0,-24.55,0.7545,207.87,,False,True,False,False,
2022-08-09,VTI,1829500,3970156.0,-53.92,0.4608,206.56,,False,True,False,False,
2022-08-10,VTI,2878200,3922412.0,-26.62,0.7338,211.27,,False,True,False,False,
2022-08-11,VTI,2835000,3892354.0,-27.16,0.7284,211.28,,False,True,False,False,
2022-08-12,VTI,2366500,3867036.0,-38.8,0.612,214.94,,False,True,False,False,
2022-08-15,VTI,4479200,3852610.0,16.26,1.1626,215.78,,False,True,False,False,
2022-08-16,VTI,2835600,3882638.0,-26.97,0.7303,216.24,,False,True,False,False,
2022-08-17,VTI,4007900,3885468.0,3.15,1.0315,214.3,,False,True,False,False,
2022-08-18,VTI,1640200,3910716.0,-58.06,0.4194,214.86,,False,True,False,False,
2022-08-19,VTI,2555000,3876510.0,-34.09,0.6591,211.79,,False,True,False,False,
2022-08-22,VTI,3142900,3883866.0,-19.08,0.8092,207.26,,False,True,False,False,
2022-08-23,VTI,2856400,3885502.0,-26.49,0.7351,206.87,,False,True,False,False,
2022-08-24,VTI,1790900,3828554.0,-53.22,0.4678,207.74,,False,True,False,False,
2022-08-25,VTI,1874100,3655006.0,-48.73,0.5127,210.75,,False,True,False,False,
2022-08-26,VTI,3550200,3551570.0,-0.04,0.9996,203.77,,False,True,False,False,
2022-08-29,VTI,3529100,3522340.0,0.19,1.0019,202.28,,False,True,False,False,
2022-08-30,VTI,4799400,3428420.0,39.99,1.3999,200.03,,False,True,False,False,
2022-08-31,VTI,2911400,3419354.0,-14.86,0.8514,198.56,,False,True,False,False,
2022-09-01,VTI,4555800,3355514.0,35.77,1.3577,198.68,,False,True,False,False,
2022-09-02,VTI,3810400,3300204.0,15.46,1.1546,196.71,,False,True,False,False,
2022-09-06,VTI,5382900,3242896.0,65.99,1.6599,195.91,,False,True,False,False,
2022-09-07,VTI,3032400,3273426.0,-7.36,0.9264,199.53,,False,True,False,False,
2022-09-08,VTI,2971300,3215066.0,-7.58,0.9242,201.11,,False,True,False,False,
2022-09-09,VTI,2953400,3154238.0,-6.37,0.9363,204.45,,False,True,False,False,
2022-09-12,VTI,2736900,3130190.0,-12.56,0.8744,206.65,,False,True,False,False,
2022-09-13,VTI,5190300,3099922.0,67.43,1.6743,197.77,,False,True,False,False,
2022-09-14,VTI,2793400,3139266.0,-11.02,0.8898,198.54,,False,True,False,False,
2022-09-15,VTI,2491000,3115412.0,-20.04,0.7996,196.42,,False,True,False,False,
2022-09-16,VTI,4966100,3105612.0,59.91,1.5991,194.63,,False,True,False,False,
2022-09-19,VTI,3346700,3146548.0,6.36,1.0636,196.01,,False,True,False,False,
2022-09-20,VTI,3244200,3157498.0,2.75,1.0275,193.73,,False,True,False,False,
2022-09-21,VTI,3060200,3161706.0,-3.21,0.9679,190.42,,False,True,False,False,
2022-09-22,VTI,5279700,3170104.0,66.55,1.6655,188.29,,False,True,False,False,
2022-09-23,VTI,8249900,3209250.0,157.07,2.5707,184.26,,False,True,True,True,UP
2022-09-26,VTI,6603500,3307136.0,99.67,1.9967,182.24,,False,True,False,False,
2022-09-27,VTI,6910700,3380914.0,104.4,2.044,181.97,,False,True,True,True,UP
2022-09-28,VTI,6929100,3439644.0,101.45,2.0145,185.8,,False,True,True,True,UP
2022-09-29,VTI,8241100,3512476.0,134.62,2.3462,181.94,,False,True,True,True,UP
2022-09-30,VTI,8431700,3610650.0,133.52,2.3352,179.47,,False,True,True,True,UP
2022-10-03,VTI,7321600,3720698.0,96.78,1.9678,184.03,,False,True,False,False,
2022-10-04,VTI,6212800,3812782.0,62.95,1.6295,189.94,,False,True,False,False,
2022-10-05,VTI,4548100,3877096.0,17.31,1.1731,189.58,,False,True,False,False,
2022-10-06,VTI,3784100,3909688.0,-3.21,0.9679,187.77,,False,True,False,False,
2022-10-07,VTI,4780100,3927326.0,21.71,1.2171,182.4,,False,True,False,False,
2022-10-10,VTI,4304000,3969514.0,8.43,1.0843,180.95,,False,True,False,False,
2022-10-11,VTI,4419100,3988746.0,10.79,1.1079,179.79,,False,True,False,False,
2022-10-12,VTI,5016700,4006498.0,25.21,1.2521,179.3,,False,True,False,False,
2022-10-13,VTI,5626900,4046414.0,39.06,1.3906,183.75,,False,True,False,False,
2022-10-14,VTI,3798800,4102410.0,-7.4,0.926,179.42,,False,True,False,False,
2022-10-17,VTI,4025800,4133150.0,-2.6,0.974,184.21,,False,True,False,False,
2022-10-18,VTI,3906800,4158488.0,-6.05,0.9395,186.46,,False,True,False,False,
2022-10-19,VTI,2589100,4176140.0,-38.0,0.62,184.87,,False,True,False,False,
2022-10-20,VTI,2636200,4191332.0,-37.1,0.629,183.27,,False,True,False,False,
2022-10-21,VTI,3381200,4186492.0,-19.24,0.8076,187.49,,False,True,False,False,
2022-10-24,VTI,4527800,4197416.0,7.87,1.0787,189.51,,False,True,False,False,
2022-10-25,VTI,3287100,4240642.0,-22.49,0.7751,192.94,,False,True,False,False,
2022-10-26,VTI,4091100,4216800.0,-2.98,0.9702,191.75,,False,True,False,False,
2022-10-27,VTI,3556300,4241910.0,-16.16,0.8384,190.85,,False,True,False,False,
2022-10-28,VTI,3178800,4232878.0,-24.9,0.751,195.29,,False,True,False,False,
2022-10-31,VTI,5053900,4263650.0,18.53,1.1853,194.03,,False,True,False,False,
2022-11-01,VTI,9873800,4313628.0,128.9,2.289,193.43,,False,True,True,True,UP
2022-11-02,VTI,4686000,4448246.0,5.34,1.0534,188.34,,False,True,False,False,
2022-11-03,VTI,3935600,4484838.0,-12.25,0.8775,186.54,,False,True,False,False,
2022-11-04,VTI,3586200,4527732.0,-20.79,0.7921,188.94,,False,True,False,False,
2022-11-07,VTI,3420000,4561974.0,-25.03,0.7497,190.66,,False,True,False,False,
2022-11-08,VTI,4847500,4559370.0,6.32,1.0632,191.66,,False,True,False,False,
2022-11-09,VTI,13959600,4585738.0,204.41,3.0441,187.53,,False,True,True,True,UP
2022-11-10,VTI,3981600,4768942.0,-16.51,0.8349,198.14,,False,True,False,False,
2022-11-11,VTI,4550200,4790346.0,-5.01,0.9499,200.16,,False,True,False,False,
2022-11-14,VTI,4248200,4790234.0,-11.32,0.8868,198.35,,False,True,False,False,
2022-11-15,VTI,4606200,4798990.0,-4.02,0.9598,200.36,,False,True,False,False,
2022-11-16,VTI,2905000,4783456.0,-39.27,0.6073,198.32,,False,True,False,False,
2022-11-17,VTI,3704700,4780908.0,-22.51,0.7749,197.49,,False,True,False,False,
2022-11-18,VTI,3039000,4795576.0,-36.63,0.6337,198.42,,False,True,False,False,
2022-11-21,VTI,2961700,4797288.0,-38.26,0.6174,197.58,,False,True,False,False,
2022-11-22,VTI,3390300,4801784.0,-29.39,0.7061,200.17,,False,True,False,False,
2022-11-23,VTI,2685700,4765784.0,-43.65,0.5635,201.39,,False,True,False,False,
2022-11-25,VTI,1289100,4763630.0,-72.94,0.2706,201.54,,False,True,False,False,
2022-11-28,VTI,3365800,4739592.0,-28.99,0.7101,198.27,,False,True,False,False,
2022-11-29,VTI,2640700,4707586.0,-43.91,0.5609,197.96,,False,True,False,False,
2022-11-30,VTI,4201300,4693466.0,-10.49,0.8951,204.06,,False,True,False,False,
2022-12-01,VTI,4354300,4712608.0,-7.6,0.924,204.18,,False,True,False,False,
2022-12-02,VTI,2917100,4738490.0,-38.44,0.6156,203.99,,False,True,False,False,
2022-12-05,VTI,3840500,4691238.0,-18.13,0.8187,199.98,,False,True,False,False,
2022-12-06,VTI,3901000,4603050.0,-15.25,0.8475,196.98,,False,True,False,False,
2022-12-07,VTI,3438100,4549000.0,-24.42,0.7558,196.66,,False,True,False,False,
2022-12-08,VTI,3982600,4479548.0,-11.09,0.8891,198.36,,False,True,False,False,
2022-12-09,VTI,3784900,4420618.0,-14.38,0.8562,196.7,,False,True,False,False,
2022-12-12,VTI,3931600,4331494.0,-9.23,0.9077,199.53,,False,True,False,False,
2022-12-13,VTI,4191900,4241492.0,-1.17,0.9883,201.02,,False,True,False,False,
2022-12-14,VTI,3331200,4178898.0,-20.29,0.7971,199.9,,False,True,False,False,
2022-12-15,VTI,5537100,4121266.0,34.35,1.3435,194.92,,False,True,False,False,
2022-12-16,VTI,4755400,4141046.0,14.84,1.1484,192.69,,False,True,False,False,
2022-12-19,VTI,6433800,4160472.0,54.64,1.5464,190.75,,False,True,False,False,
2022-12-20,VTI,5637800,4193546.0,34.44,1.3444,191.15,,False,True,False,False,
2022-12-21,VTI,4973400,4220222.0,17.85,1.1785,194.04,,False,True,False,False,
2022-12-22,VTI,5153500,4231308.0,21.79,1.2179,190.37,,False,True,False,False,
2022-12-23,VTI,4214400,4234044.0,-0.46,0.9954,191.42,,False,True,False,False,
2022-12-27,VTI,6037700,4205794.0,43.56,1.4356,190.62,,False,True,False,False,
2022-12-28,VTI,5711900,4250572.0,34.38,1.3438,188.22,,False,True,False,False,
2022-12-29,VTI,5425700,4284294.0,26.64,1.2664,191.68,,False,True,False,False,
2022-12-30,VTI,5979800,4314672.0,38.59,1.3859,191.19,,False,True,False,False,
2023-01-03,VTI,4092500,4382486.0,-6.62,0.9338,190.41,,False,True,False,False,
2023-01-04,VTI,3852500,4411612.0,-12.67,0.8733,192.1,,False,True,False,False,
2023-01-05,VTI,4150000,4421038.0,-6.13,0.9387,189.85,,False,True,False,False,
2023-01-06,VTI,3184300,4413482.0,-27.85,0.7215,194.04,,False,True,False,False,
2023-01-09,VTI,3888300,4411426.0,-11.86,0.8814,194.12,,False,True,False,False,
2023-01-10,VTI,2963500,4407370.0,-32.76,0.6724,195.65,,False,True,False,False,
2023-01-11,VTI,3435300,4395514.0,-21.85,0.7815,198.23,,False,True,False,False,
2023-01-12,VTI,3552700,4400644.0,-19.27,0.8073,199.19,,False,True,False,False,
2023-01-13,VTI,2798600,4370620.0,-35.97,0.6403,200.04,,False,True,False,False,
2023-01-17,VTI,5426700,4229116.0,28.32,1.2832,199.77,,False,True,False,False,
2023-01-18,VTI,3890200,4243930.0,-8.33,0.9167,196.62,,False,True,False,False,
2023-01-19,VTI,2282400,4243022.0,-46.21,0.5379,195.02,,False,True,False,False,
2023-01-20,VTI,2429300,4216946.0,-42.39,0.5761,198.76,,False,True,False,False,
2023-01-23,VTI,3438100,4197132.0,-18.08,0.8192,201.28,,False,True,False,False,
2023-01-24,VTI,2679400,4168944.0,-35.73,0.6427,200.95,,False,True,False,False,
2023-01-25,VTI,2802000,3943340.0,-28.94,0.7106,201.05,,False,True,False,False,
2023-01-26,VTI,2806200,3919748.0,-28.41,0.7159,203.12,,False,True,False,False,
2023-01-27,VTI,4521900,3884868.0,16.4,1.164,203.94,,False,True,False,False,
2023-01-30,VTI,2992300,3890342.0,-23.08,0.7692,201.21,,False,True,False,False,
2023-01-31,VTI,4827600,3858064.0,25.13,1.2513,204.43,,False,True,False,False,
2023-02-01,VTI,4385600,3896516.0,12.55,1.1255,206.92,,False,True,False,False,
2023-02-02,VTI,3730800,3910134.0,-4.59,0.9541,210.01,,False,True,False,False,
2023-02-03,VTI,2854200,3923970.0,-27.26,0.7274,207.84,,False,True,False,False,
2023-02-06,VTI,2841700,3921820.0,-27.54,0.7246,206.28,,False,True,False,False,
2023-02-07,VTI,3028100,3910848.0,-22.57,0.7743,208.88,,False,True,False,False,
2023-02-08,VTI,2945400,3917696.0,-24.82,0.7518,206.65,,False,True,False,False,
2023-02-09,VTI,2705900,3950822.0,-31.51,0.6849,204.64,,False,True,False,False,
2023-02-10,VTI,2159800,3937624.0,-45.15,0.5485,205.01,,False,True,False,False,
2023-02-13,VTI,3467200,3928006.0,-11.73,0.8827,207.45,,False,True,False,False,
2023-02-14,VTI,2743400,3913324.0,-29.9,0.701,207.53,,False,True,False,False,
2023-02-15,VTI,2001600,3881106.0,-48.43,0.5157,208.46,,False,True,False,False,
2023-02-16,VTI,2458800,3862796.0,-36.35,0.6365,205.68,,False,True,False,False,
2023-02-17,VTI,2324000,3835162.0,-39.4,0.606,205.08,,False,True,False,False,
2023-02-21,VTI,3110800,3803622.0,-18.21,0.8179,200.83,,False,True,False,False,
2023-02-22,VTI,3011700,3797076.0,-20.68,0.7932,200.66,,False,True,False,False,
2023-02-23,VTI,3440100,3777658.0,-8.94,0.9106,201.73,,False,True,False,False,
2023-02-24,VTI,3020600,3770762.0,-19.89,0.8011,199.48,,False,True,False,False,
2023-02-27,VTI,2850300,3752542.0,-24.04,0.7596,200.19,,False,True,False,False,
2023-02-28,VTI,2299100,3725710.0,-38.29,0.6171,199.52,,False,True,False,False,
2023-03-01,VTI,4176000,3705068.0,12.71,1.1271,200.0,,False,True,False,False,
2023-03-02,VTI,3364000,3677846.0,-8.53,0.9147,200.31,,False,True,False,False,
2023-03-03,VTI,2484700,3650018.0,-31.93,0.6807,203.57,,False,True,False,False,
2023-03-06,VTI,3812700,3571036.0,6.77,1.0677,203.3,,False,True,False,False,
2023-03-07,VTI,3346700,3534534.0,-5.31,0.9469,200.27,,False,True,False,False,
2023-03-08,VTI,1985900,3502000.0,-43.29,0.5671,200.53,,False,True,False,False,
2023-03-09,VTI,2974300,3438648.0,-13.5,0.865,196.57,,False,True,False,False,
2023-03-10,VTI,6310500,3413846.0,84.85,1.8485,193.26,,False,True,False,False,
2023-03-13,VTI,6253700,3419302.0,82.89,1.8289,192.46,,False,True,False,False,
2023-03-14,VTI,4473800,3430138.0,30.43,1.3043,195.89,,False,True,False,False,
2023-03-15,VTI,3855400,3411100.0,13.03,1.1303,194.38,,False,True,False,False,
2023-03-16,VTI,3224900,3368612.0,-4.27,0.9573,197.74,,False,True,False,False,
2023-03-17,VTI,2902400,3351260.0,-13.39,0.8661,195.19,,False,True,False,False,
2023-03-20,VTI,2898100,3332258.0,-13.03,0.8697,196.89,,False,True,False,False,
2023-03-21,VTI,2421700,3307220.0,-26.78,0.7322,199.7,,False,True,False,False,
2023-03-22,VTI,2187900,3291968.0,-33.54,0.6646,196.13,,False,True,False,False,
2023-03-23,VTI,2629700,3257960.0,-19.28,0.8072,195.7,,False,True,False,False,
2023-03-24,VTI,2324800,3251284.0,-28.5,0.715,196.93,,False,True,False,False,
2023-03-27,VTI,2425400,3229074.0,-24.89,0.7511,197.43,,False,True,False,False,
2023-03-28,VTI,3678600,3206528.0,14.72,1.1472,197.15,,False,True,False,False,
2023-03-29,VTI,3486500,3224128.0,8.14,1.0814,199.99,,False,True,False,False,
2023-03-30,VTI,2259200,3185324.0,-29.07,0.7093,201.07,,False,True,False,False,
2023-03-31,VTI,2986300,3152704.0,-5.28,0.9472,204.1,,False,True,False,False,
2023-04-03,VTI,3068200,3166782.0,-3.11,0.9689,204.64,,False,True,False,False,
2023-04-04,VTI,2881800,3179560.0,-9.36,0.9064,203.27,,False,True,False,False,
2023-04-05,VTI,3119400,3168434.0,-1.55,0.9845,202.53,,False,True,False,False,
2023-04-06,VTI,1989800,3177234.0,-37.37,0.6263,203.2,,False,True,False,False,
2023-04-10,VTI,2545300,3160990.0,-19.48,0.8052,203.66,,False,True,False,False,
2023-04-11,VTI,3389300,3155772.0,7.4,1.074,203.87,,False,True,False,False,
2023-04-12,VTI,2431200,3133120.0,-22.4,0.776,203.01,,False,True,False,False,
2023-04-13,VTI,2197600,3121898.0,-29.61,0.7039,205.65,,False,True,False,False,
2023-04-14,VTI,4142000,3069298.0,34.95,1.3495,205.08,,False,True,False,False,
2023-04-17,VTI,2780400,3064426.0,-9.27,0.9073,205.9,,False,True,False,False,
2023-04-18,VTI,2784500,3045418.0,-8.57,0.9143,206.0,,False,True,False,False,
2023-04-19,VTI,2531400,3044024.0,-16.84,0.8316,206.1,,False,True,False,False,
2023-04-20,VTI,2563100,3037818.0,-15.63,0.8437,204.82,,False,True,False,False,
2023-04-21,VTI,2341600,3028518.0,-22.68,0.7732,205.0,,False,True,False,False,
2023-04-24,VTI,3704400,3016442.0,22.81,1.2281,205.08,,False,True,False,False,
2023-04-25,VTI,2606400,3036412.0,-14.16,0.8584,201.66,,False,True,False,False,
2023-04-26,VTI,2762300,3045344.0,-9.29,0.9071,200.75,,False,True,False,False,
2023-04-27,VTI,2254600,3031246.0,-25.62,0.7438,204.52,,False,True,False,False,
2023-04-28,VTI,2309100,3021470.0,-23.58,0.7642,206.3,,False,True,False,False,
2023-05-01,VTI,2838500,3027620.0,-6.25,0.9375,206.2,,False,True,False,False,
2023-05-02,VTI,2700600,3035214.0,-11.02,0.8898,203.68,,False,True,False,False,
2023-05-03,VTI,2154000,3042746.0,-29.21,0.7079,202.49,,False,True,False,False,
2023-05-04,VTI,2577600,3023610.0,-14.75,0.8525,200.98,,False,True,False,False,
2023-05-05,VTI,1942300,3014928.0,-35.58,0.6442,204.69,,False,True,False,False,
2023-05-08,VTI,2632600,2984972.0,-11.8,0.882,204.91,,False,True,False,False,
2023-05-09,VTI,1802500,2977212.0,-39.46,0.6054,204.07,,False,True,False,False,
2023-05-10,VTI,2677600,2956256.0,-9.43,0.9057,204.97,,False,True,False,False,
2023-05-11,VTI,2108300,2963826.0,-28.87,0.7113,204.7,,False,True,False,False,
2023-05-12,VTI,2252400,2922472.0,-22.93,0.7707,204.22,,False,True,False,False,
2023-05-15,VTI,3240000,2900240.0,11.71,1.1171,205.09,,False,True,False,False,
2023-05-16,VTI,1884400,2915346.0,-35.36,0.6464,203.5,,False,True,False,False,
2023-05-17,VTI,2650100,2876780.0,-7.88,0.9212,206.14,,False,True,False,False,
2023-05-18,VTI,2370200,2862848.0,-17.21,0.8279,208.19,,False,True,False,False,
2023-05-19,VTI,2683900,2870534.0,-6.5,0.935,207.69,,False,True,False,False,
2023-05-22,VTI,2229400,2864726.0,-22.18,0.7782,208.05,,False,True,False,False,
2023-05-23,VTI,2386700,2783104.0,-14.24,0.8576,205.85,,False,True,False,False,
2023-05-24,VTI,2083700,2705764.0,-22.99,0.7701,204.26,,False,True,False,False,
2023-05-25,VTI,2230400,2657962.0,-16.09,0.8391,205.65,,False,True,False,False,
2023-05-26,VTI,2347000,2625462.0,-10.61,0.8939,208.36,,False,True,False,False,
2023-05-30,VTI,2772300,2607904.0,6.3,1.063,208.43,,False,True,False,False,
2023-05-31,VTI,2325400,2605302.0,-10.74,0.8926,207.18,,False,True,False,False,
2023-06-01,VTI,2696700,2593848.0,3.97,1.0397,209.25,,False,True,False,False,
2023-06-02,VTI,3018700,2599348.0,16.13,1.1613,212.71,,False,True,False,False,
2023-06-05,VTI,2249400,2615964.0,-14.01,0.8599,212.15,,False,True,False,False,
2023-06-06,VTI,2227700,2608358.0,-14.59,0.8541,213.12,,False,True,False,False,
2023-06-07,VTI,2272800,2606416.0,-12.8,0.872,212.7,,False,True,False,False,
2023-06-08,VTI,1943100,2603364.0,-25.36,0.7464,213.7,,False,True,False,False,
2023-06-09,VTI,2084600,2568654.0,-18.84,0.8116,213.93,,False,True,False,False,
2023-06-12,VTI,2479900,2540616.0,-2.39,0.9761,215.85,,False,True,False,False,
2023-06-13,VTI,4295700,2545030.0,68.79,1.6879,217.44,,False,True,False,False,
2023-06-14,VTI,4131000,2571218.0,60.66,1.6066,217.44,,False,True,False,False,
2023-06-15,VTI,2895100,2592474.0,11.67,1.1167,220.09,,False,True,False,False,
2023-06-16,VTI,4763700,2592740.0,83.73,1.8373,219.26,,False,True,False,False,
2023-06-20,VTI,3156500,2625626.0,20.22,1.2022,218.18,,False,True,False,False,
2023-06-21,VTI,2713400,2648960.0,2.43,1.0243,216.98,,False,True,False,False,
2023-06-22,VTI,2669100,2652322.0,0.63,1.0063,217.56,,False,True,False,False,
2023-06-23,VTI,3338400,2637918.0,26.55,1.2655,214.94,,False,True,False,False,
2023-06-26,VTI,2846800,2656062.0,7.18,1.0718,214.19,,False,True,False,False,
2023-06-27,VTI,2653000,2669046.0,-0.6,0.994,216.8,,False,True,False,False,
2023-06-28,VTI,4362100,2639266.0,65.28,1.6528,216.98,,False,True,False,False,
2023-06-29,VTI,2857900,2670900.0,7.0,1.07,218.02,,False,True,False,False,
2023-06-30,VTI,3444100,2672368.0,28.88,1.2888,220.28,,False,True,False,False,
2023-07-03,VTI,2423600,2690622.0,-9.92,0.9008,220.94,,False,True,False,False,
2023-07-05,VTI,3341400,2687832.0,24.32,1.2432,220.27,,False,True,False,False,
2023-07-06,VTI,3404300,2707828.0,25.72,1.2572,218.31,,False,True,False,False,
2023-07-07,VTI,2771700,2701826.0,2.59,1.0259,218.04,,False,True,False,False,
2023-07-10,VTI,2080500,2705132.0,-23.09,0.7691,218.99,,False,True,False,False,
2023-07-11,VTI,2155700,2691496.0,-19.91,0.8009,220.71,,False,True,False,False,
2023-07-12,VTI,3030200,2689518.0,12.67,1.1267,222.4,,False,True,False,False,
2023-07-13,VTI,4113300,2703940.0,52.12,1.5212,224.28,,False,True,False,False,
2023-07-14,VTI,2914100,2729436.0,6.77,1.0677,223.95,,False,True,False,False,
2023-07-17,VTI,2688200,2733706.0,-1.66,0.9834,224.8,,False,True,False,False,
2023-07-18,VTI,2916500,2744390.0,6.27,1.0627,226.59,,False,True,False,False,
2023-07-19,VTI,3106700,2751168.0,12.92,1.1292,227.18,,False,True,False,False,
2023-07-20,VTI,2651700,2774456.0,-4.42,0.9558,225.54,,False,True,False,False,
2023-07-21,VTI,2296800,2774838.0,-17.23,0.8277,225.52,,False,True,False,False,
2023-07-24,VTI,2291700,2784724.0,-17.7,0.823,226.32,,False,True,False,False,
2023-07-25,VTI,2084400,2777006.0,-24.94,0.7506,226.89,,False,True,False,False,
2023-07-26,VTI,1985600,2776528.0,-28.49,0.7151,227.06,,False,True,False,False,
2023-07-27,VTI,4730600,2771192.0,70.71,1.7071,225.31,,False,True,False,False,
2023-07-28,VTI,2257600,2801004.0,-19.4,0.806,227.66,,False,True,False,False,
2023-07-31,VTI,2658500,2808468.0,-5.34,0.9466,228.35,,False,True,False,False,
2023-08-01,VTI,2809500,2808636.0,0.03,1.0003,227.73,,False,True,False,False,
2023-08-02,VTI,4239000,2817422.0,50.46,1.5046,224.5,,False,True,False,False,
2023-08-03,VTI,2925200,2848524.0,2.69,1.0269,223.85,,False,True,False,False,
2023-08-04,VTI,3024600,2862440.0,5.67,1.0567,222.9,,False,True,False,False,
2023-08-07,VTI,2376600,2875198.0,-17.34,0.8266,224.61,,False,True,False,False,
2023-08-08,VTI,2796400,2881056.0,-2.94,0.9706,223.57,,False,True,False,False,
2023-08-09,VTI,2203400,2892376.0,-23.82,0.7618,221.97,,False,True,False,False,
2023-08-10,VTI,3033300,2889504.0,4.98,1.0498,222.01,,False,True,False,False,
2023-08-11,VTI,2220400,2894724.0,-23.29,0.7671,221.8,,False,True,False,False,
2023-08-14,VTI,2435100,2892624.0,-15.82,0.8418,222.9,,False,True,False,False,
2023-08-15,VTI,2997300,2887392.0,3.81,1.0381,220.37,,False,True,False,False,
2023-08-16,VTI,2933500,2886964.0,1.61,1.0161,218.55,,False,True,False,False,
2023-08-17,VTI,3135900,2900646.0,8.11,1.0811,216.76,,False,True,False,False,
2023-08-18,VTI,2933300,2918810.0,0.5,1.005,217.01,,False,True,False,False,
2023-08-21,VTI,2755400,2932020.0,-6.02,0.9398,218.26,,False,True,False,False,
2023-08-22,VTI,2891900,2948266.0,-1.91,0.9809,217.68,,False,True,False,False,
2023-08-23,VTI,2560200,2964412.0,-13.64,0.8636,220.06,,False,True,False,False,
2023-08-24,VTI,3099400,2966018.0,4.5,1.045,217.11,,False,True,False,False,
2023-08-25,VTI,3631000,2942092.0,23.42,1.2342,218.59,,False,True,False,False,
2023-08-28,VTI,2364700,2932092.0,-19.35,0.8065,219.99,,False,True,False,False,
2023-08-29,VTI,3160300,2921484.0,8.17,1.0817,223.19,,False,True,False,False,
2023-08-30,VTI,2420800,2889416.0,-16.22,0.8378,224.18,,False,True,False,False,
2023-08-31,VTI,3044000,2874702.0,5.89,1.0589,223.94,,False,True,False,False,
2023-09-01,VTI,3047600,2881314.0,5.77,1.0577,224.68,,False,True,False,False,
2023-09-05,VTI,2531500,2888884.0,-12.37,0.8763,223.34,,False,True,False,False,
2023-09-06,VTI,2473700,2872746.0,-13.89,0.8611,221.94,,False,True,False,False,
2023-09-07,VTI,2964700,2865284.0,3.47,1.0347,221.18,,False,True,False,False,
2023-09-08,VTI,2244400,2871518.0,-21.84,0.7816,221.42,,False,True,False,False,
2023-09-11,VTI,2087900,2829164.0,-26.2,0.738,222.81,,False,True,False,False,
2023-09-12,VTI,2448500,2813764.0,-12.98,0.8702,221.73,,False,True,False,False,
2023-09-13,VTI,1990000,2793852.0,-28.77,0.7123,221.76,,False,True,False,False,
2023-09-14,VTI,2002400,2785180.0,-28.11,0.7189,223.66,,False,True,False,False,
2023-09-15,VTI,2639200,2758400.0,-4.32,0.9568,221.03,,False,True,False,False,
2023-09-18,VTI,2259600,2743098.0,-17.63,0.8237,221.05,,False,True,False,False,
2023-09-19,VTI,2977800,2732856.0,8.96,1.0896,220.49,,False,True,False,False,
2023-09-20,VTI,2448400,2750802.0,-10.99,0.8901,218.54,,False,True,False,False,
2023-09-21,VTI,4190400,2756656.0,52.01,1.5201,214.09,,False,True,False,False,
2023-09-22,VTI,3261300,2779860.0,17.32,1.1732,213.64,,False,True,False,False,
2023-09-25,VTI,3440000,2762820.0,24.51,1.2451,214.5,,False,True,False,False,
2023-09-26,VTI,4371900,2773338.0,57.64,1.5764,211.41,,False,True,False,False,
2023-09-27,VTI,4407300,2807012.0,57.01,1.5701,211.63,,False,True,False,False,
2023-09-28,VTI,2952400,2836828.0,4.07,1.0407,213.03,,False,True,False,False,
2023-09-29,VTI,4441400,2833742.0,56.73,1.5673,212.41,,False,True,False,False,
2023-10-02,VTI,4358100,2869536.0,51.87,1.5187,212.13,,False,True,False,False,
2023-10-03,VTI,4389100,2910762.0,50.79,1.5079,209.05,,False,True,False,False,
2023-10-04,VTI,3045400,2952710.0,3.14,1.0314,210.56,,False,True,False,False,
2023-10-05,VTI,2679700,2971930.0,-9.83,0.9017,210.45,,False,True,False,False,
2023-10-06,VTI,3666300,2985812.0,22.79,1.2279,212.96,,False,True,False,False,
2023-10-09,VTI,2869700,2964526.0,-3.2,0.968,214.3,,False,True,False,False,
2023-10-10,VTI,3494600,2976768.0,17.4,1.174,215.63,,False,True,False,False,
2023-10-11,VTI,3033000,2993490.0,1.32,1.0132,216.48,,False,True,False,False,
2023-10-12,VTI,3244200,2997960.0,8.21,1.0821,214.74,,False,True,False,False,
2023-10-13,VTI,3267700,2978064.0,9.73,1.0973,213.53,,False,True,False,False,
2023-10-16,VTI,3361600,2984914.0,12.62,1.1262,216.01,,False,True,False,False,
2023-10-17,VTI,3627700,2991654.0,21.26,1.2126,216.29,,False,True,False,False,
2023-10-18,VTI,3255000,3016676.0,7.9,1.079,213.09,,False,True,False,False,
2023-10-19,VTI,4322700,3025848.0,42.86,1.4286,211.08,,False,True,False,False,
2023-10-20,VTI,4447600,3068234.0,44.96,1.4496,208.47,,False,True,False,False,
2023-10-23,VTI,5473000,3096520.0,76.75,1.7675,207.9,,False,True,False,False,
2023-10-24,VTI,3180900,3161572.0,0.61,1.0061,209.47,,False,True,False,False,
2023-10-25,VTI,3454500,3176488.0,8.75,1.0875,206.36,,False,True,False,False,
2023-10-26,VTI,4133400,3185632.0,29.75,1.2975,204.22,,False,True,False,False,
2023-10-27,VTI,4290700,3209630.0,33.68,1.3368,203.12,,False,True,False,False,
2023-10-30,VTI,3562700,3232726.0,10.21,1.1021,205.46,,False,True,False,False,
2023-10-31,VTI,3325300,3245314.0,2.46,1.0246,206.79,,False,True,False,False,
2023-11-01,VTI,5789300,3256712.0,77.77,1.7777,208.86,,False,True,False,False,
2023-11-02,VTI,4111600,3314660.0,24.04,1.2404,213.01,,False,True,False,False,
2023-11-03,VTI,4217100,3345688.0,26.05,1.2605,215.41,,False,True,False,False,
2023-11-06,VTI,2915000,3368042.0,-13.45,0.8655,215.5,,False,True,False,False,
2023-11-07,VTI,3194300,3353722.0,-4.75,0.9525,216.14,,False,True,False,False,
2023-11-08,VTI,2813800,3370314.0,-16.51,0.8349,216.11,,False,True,False,False,
2023-11-09,VTI,2771200,3363384.0,-17.61,0.8239,214.27,,False,True,False,False,
2023-11-10,VTI,3303400,3370392.0,-1.99,0.9801,217.46,,False,True,False,False,
2023-11-13,VTI,2829400,3375580.0,-16.18,0.8382,217.33,,False,True,False,False,
2023-11-14,VTI,4055100,3371216.0,20.29,1.2029,222.15,,False,True,False,False,
2023-11-15,VTI,2819200,3401688.0,-17.12,0.8288,222.7,,False,True,False,False,
2023-11-16,VTI,2754500,3408598.0,-19.19,0.8081,222.55,,False,True,False,False,
2023-11-17,VTI,3123700,3404394.0,-8.25,0.9175,223.11,,False,True,False,False,
2023-11-20,VTI,2875600,3421980.0,-15.97,0.8403,224.79,,False,True,False,False,
2023-11-21,VTI,2513800,3437734.0,-26.88,0.7312,224.18,,False,True,False,False,
2023-11-22,VTI,2880400,3439040.0,-16.24,0.8376,225.14,,False,True,False,False,
2023-11-24,VTI,1219500,3456848.0,-64.72,0.3528,225.38,,False,True,False,False,
2023-11-27,VTI,2410000,3441190.0,-29.97,0.7003,225.09,,False,True,False,False,
2023-11-28,VTI,2761900,3436606.0,-19.63,0.8037,225.23,,False,True,False,False,
2023-11-29,VTI,2653700,3446652.0,-23.01,0.7699,225.33,,False,True,False,False,
2023-11-30,VTI,3148000,3440170.0,-8.49,0.9151,226.26,,False,True,False,False,
2023-12-01,VTI,4078700,3454162.0,18.08,1.1808,228.17,,False,True,False,False,
2023-12-04,VTI,3837800,3451928.0,11.18,1.1118,227.35,,False,True,False,False,
2023-12-05,VTI,3019000,3463458.0,-12.83,0.8717,226.91,,False,True,False,False,
2023-12-06,VTI,3172900,3455038.0,-8.17,0.9183,225.95,,False,True,False,False,
2023-12-07,VTI,2724300,3431058.0,-20.6,0.794,227.76,,False,True,False,False,
2023-12-08,VTI,2741500,3397398.0,-19.31,0.8069,228.85,,False,True,False,False,
2023-12-11,VTI,3076600,3393180.0,-9.33,0.9067,229.79,,False,True,False,False,
2023-12-12,VTI,3214900,3365884.0,-4.49,0.9551,230.66,,False,True,False,False,
2023-12-13,VTI,4231100,3343020.0,26.57,1.2657,234.24,,False,True,False,False,
2023-12-14,VTI,5014500,3339860.0,50.14,1.5014,235.63,,False,True,False,False,
2023-12-15,VTI,4298600,3379242.0,27.21,1.2721,235.31,,False,True,False,False,
2023-12-18,VTI,3855100,3411620.0,13.0,1.13,236.33,,False,True,False,False,
2023-12-19,VTI,3731700,3415396.0,9.26,1.0926,238.06,,False,True,False,False,
2023-12-20,VTI,5149700,3432636.0,50.02,1.5002,234.51,,False,True,False,False,
2023-12-21,VTI,4427000,3465738.0,27.74,1.2774,236.09,,False,True,False,False,
2023-12-22,VTI,3662400,3493618.0,4.83,1.0483,236.63,,False,True,False,False,
2023-12-26,VTI,3829400,3501982.0,9.35,1.0935,237.8,,False,True,False,False,
2023-12-27,VTI,5103700,3513216.0,45.27,1.4527,238.25,,False,True,False,False,
2023-12-28,VTI,4099400,3548058.0,15.54,1.1554,238.13,,False,True,False,False,
2023-12-29,VTI,4188800,3557492.0,17.75,1.1775,237.22,,False,True,False,False,
2024-01-02,VTI,4847600,3576168.0,35.55,1.3555,235.63,,False,True,False,False,
2024-01-03,VTI,3925500,3586666.0,9.45,1.0945,233.37,,False,True,False,False,
2024-01-04,VTI,3681900,3576224.0,2.95,1.0295,232.77,,False,True,False,False,
2024-01-05,VTI,3305500,3540402.0,-6.63,0.9337,233.12,,False,True,False,False,
2024-01-08,VTI,4156600,3542894.0,17.32,1.1732,236.45,,False,True,False,False,
2024-01-09,VTI,4524800,3556936.0,27.21,1.2721,236.01,,False,True,False,False,
2024-01-10,VTI,3343400,3564764.0,-6.21,0.9379,237.23,,False,True,False,False,
2024-01-11,VTI,3375600,3545818.0,-4.8,0.952,237.07,,False,True,False,False,
2024-01-12,VTI,3053400,3542076.0,-13.8,0.862,237.11,,False,True,False,False,
2024-01-16,VTI,3646700,3536638.0,3.11,1.0311,236.01,,False,True,False,False,
2024-01-17,VTI,3336600,3493786.0,-4.5,0.955,234.59,,False,True,False,False,
2024-01-18,VTI,3509900,3478286.0,0.91,1.0091,236.66,,False,True,False,False,
2024-01-19,VTI,3850800,3464142.0,11.16,1.1116,239.54,,False,True,False,False,
2024-01-22,VTI,3952700,3482858.0,13.49,1.1349,240.58,,False,True,False,False,
2024-01-23,VTI,3015300,3498026.0,-13.8,0.862,241.02,,False,True,False,False,
2024-01-24,VTI,3003000,3502056.0,-14.25,0.8575,240.98,,False,True,False,False,
2024-01-25,VTI,2993900,3506692.0,-14.62,0.8538,242.32,,False,True,False,False,
2024-01-26,VTI,2858200,3500502.0,-18.35,0.8165,242.12,,False,True,False,False,
2024-01-29,VTI,3463400,3501078.0,-1.08,0.9892,244.32,,False,True,False,False,
2024-01-30,VTI,3098900,3489244.0,-11.19,0.8881,243.98,,False,True,False,False,
2024-01-31,VTI,3884500,3494838.0,11.15,1.1115,239.87,,False,True,False,False,
2024-02-01,VTI,3986800,3517438.0,13.34,1.1334,243.1,,False,True,False,False,
2024-02-02,VTI,3876600,3534700.0,9.67,1.0967,245.18,,False,True,False,False,
2024-02-05,VTI,3324800,3554720.0,-6.47,0.9353,244.02,,False,True,False,False,
2024-02-06,VTI,2568400,3570940.0,-28.07,0.7193,244.85,,False,True,False,False,
2024-02-07,VTI,2305700,3564700.0,-35.32,0.6468,246.78,,False,True,False,False,
2024-02-08,VTI,2668200,3586424.0,-25.6,0.744,247.39,,False,True,False,False,
2024-02-09,VTI,2367700,3591588.0,-34.08,0.6592,248.9,,False,True,False,False,
2024-02-12,VTI,2769700,3583704.0,-22.71,0.7729,249.14,,False,True,False,False,
2024-02-13,VTI,5832600,3586024.0,62.65,1.6265,245.15,,False,True,False,False,
2024-02-14,VTI,2606900,3639716.0,-28.38,0.7162,247.86,,False,True,False,False,
2024-02-15,VTI,3181900,3610280.0,-11.87,0.8813,249.77,,False,True,False,False,
2024-02-16,VTI,2909200,3597162.0,-19.13,0.8087,248.46,,False,True,False,False,
2024-02-20,VTI,3445100,3594966.0,-4.17,0.9583,246.9,,False,True,False,False,
2024-02-21,VTI,2169900,3600410.0,-39.73,0.6027,246.95,,False,True,False,False,
2024-02-22,VTI,3873000,3589322.0,7.9,1.079,251.83,,False,True,False,False,
2024-02-23,VTI,2856000,3611952.0,-20.93,0.7907,252.0,,False,True,False,False,
2024-02-26,VTI,2585800,3607540.0,-28.32,0.7168,251.24,,False,True,False,False,
2024-02-27,VTI,2024600,3594958.0,-43.68,0.5632,251.94,,False,True,False,False,
2024-02-28,VTI,2192200,3550828.0,-38.26,0.6174,251.52,,False,True,False,False,
2024-02-29,VTI,2610400,3494382.0,-25.3,0.747,252.58,,False,True,False,False,
2024-03-01,VTI,3693800,3460618.0,6.74,1.0674,254.9,,False,True,False,False,
2024-03-04,VTI,4966800,3457392.0,43.66,1.4366,254.65,,False,True,False,False,
2024-03-05,VTI,3134800,3482094.0,-9.97,0.9003,251.95,,False,True,False,False,
2024-03-06,VTI,2501700,3441796.0,-27.31,0.7269,253.44,,False,True,False,False,
2024-03-07,VTI,2940900,3403290.0,-13.59,0.8641,255.91,,False,True,False,False,
2024-03-08,VTI,3673500,3388860.0,8.4,1.084,254.43,,False,True,False,False,
2024-03-11,VTI,3038700,3385742.0,-10.25,0.8975,254.02,,False,True,False,False,
2024-03-12,VTI,4380100,3344442.0,30.97,1.3097,256.53,,False,True,False,False,
2024-03-13,VTI,2667400,3350056.0,-20.38,0.7962,256.21,,False,True,False,False,
2024-03-14,VTI,3664100,3319628.0,10.38,1.1038,255.22,,False,True,False,False,
2024-03-15,VTI,3216800,3295958.0,-2.4,0.976,253.71,,False,True,False,False,
2024-03-18,VTI,3455400,3281784.0,5.29,1.0529,255.0,,False,True,False,False,
2024-03-19,VTI,2900200,3277254.0,-11.51,0.8849,256.47,,False,True,False,False,
2024-03-20,VTI,2480800,3269148.0,-24.11,0.7589,259.07,,False,True,False,False,
2024-03-21,VTI,3723200,3235632.0,15.07,1.1507,260.14,,False,True,False,False,
2024-03-22,VTI,2465300,3219600.0,-23.43,0.7657,258.5,,False,True,False,False,
2024-03-25,VTI,2714400,3202038.0,-15.23,0.8477,257.92,,False,True,False,False,
2024-03-26,VTI,2591500,3188814.0,-18.73,0.8127,257.46,,False,True,False,False,
2024-03-27,VTI,4030200,3179576.0,26.75,1.2675,259.73,,False,True,False,False,
2024-03-28,VTI,2669100,3187246.0,-16.26,0.8374,259.9,,False,True,False,False,
2024-04-01,VTI,3292300,3173896.0,3.73,1.0373,259.7,,False,True,False,False,
2024-04-02,VTI,3213400,3169544.0,1.38,1.0138,257.3,,False,True,False,False,
2024-04-03,VTI,3241600,3156796.0,2.69,1.0269,257.7,,False,True,False,False,
2024-04-04,VTI,3121300,3142574.0,-0.68,0.9932,254.61,,False,True,False,False,
2024-04-05,VTI,4178500,3144694.0,32.87,1.3287,257.18,,False,True,False,False,
2024-04-08,VTI,3223800,3168204.0,1.75,1.0175,257.48,,False,True,False,False,
2024-04-09,VTI,2940600,3172802.0,-7.32,0.9268,257.85,,False,True,False,False,
2024-04-10,VTI,3348900,3174450.0,5.5,1.055,254.97,,False,True,False,False,
2024-04-11,VTI,3434200,3172160.0,8.26,1.0826,256.7,,False,True,False,False,
2024-04-12,VTI,3574400,3178866.0,12.44,1.1244,253.0,,False,True,False,False,
2024-04-15,VTI,4804300,3172664.0,51.43,1.5143,249.89,,False,True,False,False,
2024-04-16,VTI,3466800,3189014.0,8.71,1.0871,249.14,,False,True,False,False,
2024-04-17,VTI,2861400,3180818.0,-10.04,0.8996,247.68,,False,True,False,False,
2024-04-18,VTI,2991700,3171550.0,-5.67,0.9433,247.17,,False,True,False,False,
2024-04-19,VTI,3469000,3180016.0,9.09,1.0909,245.23,,False,True,False,False,
2024-04-22,VTI,3112000,3203282.0,-2.85,0.9715,247.64,,False,True,False,False,
2024-04-23,VTI,2399000,3212158.0,-25.32,0.7468,250.59,,False,True,False,False,
2024-04-24,VTI,2285900,3212784.0,-28.85,0.7115,250.65,,False,True,False,False,
2024-04-25,VTI,2473300,3203108.0,-22.78,0.7722,249.46,,False,True,False,False,
2024-04-26,VTI,3238100,3135922.0,3.26,1.0326,251.78,,False,True,False,False,
2024-04-29,VTI,2086000,3148546.0,-33.75,0.6625,252.77,,False,True,False,False,
2024-04-30,VTI,2502700,3126628.0,-19.96,0.8004,248.61,,False,True,False,False,
2024-05-01,VTI,3509500,3118498.0,12.54,1.1254,247.99,,False,True,False,False,
2024-05-02,VTI,2580200,3119786.0,-17.3,0.827,250.56,,False,True,False,False,
2024-05-03,VTI,2350200,3127992.0,-24.87,0.7513,253.53,,False,True,False,False,
2024-05-06,VTI,2811500,3097536.0,-9.23,0.9077,256.25,,False,True,False,False,
2024-05-07,VTI,1829900,3096646.0,-40.91,0.5909,256.48,,False,True,False,False,
2024-05-08,VTI,2600100,3081528.0,-15.62,0.8438,256.3,,False,True,False,False,
2024-05-09,VTI,2418700,3093038.0,-21.8,0.782,257.81,,False,True,False,False,
2024-05-10,VTI,1922500,3097568.0,-37.94,0.6206,258.05,,False,True,False,False,
2024-05-13,VTI,1948400,3083810.0,-36.82,0.6318,258.19,,False,True,False,False,
2024-05-14,VTI,2466800,3048902.0,-19.09,0.8091,259.45,,False,True,False,False,
2024-05-15,VTI,2508700,2998902.0,-16.35,0.8365,262.64,,False,True,False,False,
2024-05-16,VTI,2445000,2986380.0,-18.13,0.8187,261.93,,False,True,False,False,
2024-05-17,VTI,2208700,2985246.0,-26.01,0.7399,262.3,,False,True,False,False,
2024-05-20,VTI,2366100,2970602.0,-20.35,0.7965,262.57,,False,True,False,False,
2024-05-21,VTI,2241900,2944454.0,-23.86,0.7614,263.11,,False,True,False,False,
2024-05-22,VTI,2356600,2928518.0,-19.53,0.8047,262.22,,False,True,False,False,
2024-05-23,VTI,6603000,2888048.0,128.63,2.2863,259.99,,False,True,True,True,UP
2024-05-24,VTI,3123700,2966760.0,5.29,1.0529,261.87,,False,True,False,False,
2024-05-28,VTI,3078100,2955952.0,4.13,1.0413,261.87,,False,True,False,False,
2024-05-29,VTI,3179000,2953178.0,7.65,1.0765,259.72,,False,True,False,False,
2024-05-30,VTI,3030200,2947650.0,2.8,1.028,258.45,,False,True,False,False,
2024-05-31,VTI,3407400,2950250.0,15.5,1.155,260.44,,False,True,False,False,
2024-06-03,VTI,6203400,2968782.0,108.95,2.0895,260.52,,False,True,True,True,UP
2024-06-04,VTI,2489800,3018386.0,-17.51,0.8249,260.49,,False,True,False,False,
2024-06-05,VTI,2384000,3018876.0,-21.03,0.7897,263.68,,False,True,False,False,
2024-06-06,VTI,2190200,3012268.0,-27.29,0.7271,263.45,,False,True,False,False,
2024-06-07,VTI,1838900,3004242.0,-38.79,0.6121,262.95,,False,True,False,False,
2024-06-10,VTI,1958400,2960416.0,-33.85,0.6615,263.83,,False,True,False,False,
2024-06-11,VTI,3017300,2946202.0,2.41,1.0241,264.28,,False,True,False,False,
2024-06-12,VTI,2762600,2940702.0,-6.06,0.9394,266.77,,False,True,False,False,
2024-06-13,VTI,2285200,2931686.0,-22.05,0.7795,266.89,,False,True,False,False,
2024-06-14,VTI,2205600,2912558.0,-24.27,0.7573,266.69,,False,True,False,False,
2024-06-17,VTI,2452000,2894244.0,-15.28,0.8472,268.72,,False,True,False,False,
2024-06-18,VTI,2024300,2859714.0,-29.21,0.7079,269.4,,False,True,False,False,
2024-06-20,VTI,3168600,2835724.0,11.74,1.1174,268.72,,False,True,False,False,
2024-06-21,VTI,2676000,2840284.0,-5.78,0.9422,268.31,,False,True,False,False,
2024-06-24,VTI,2226500,2826826.0,-21.24,0.7876,267.86,,False,True,False,False,
2024-06-25,VTI,2073800,2802672.0,-26.01,0.7399,268.74,,False,True,False,False,
2024-06-26,VTI,1857500,2772660.0,-33.01,0.6699,268.73,,False,True,False,False,
2024-06-27,VTI,2655400,2713724.0,-2.15,0.9785,269.38,,False,True,False,False,
2024-06-28,VTI,2822800,2697496.0,4.65,1.0465,267.51,,False,True,False,False,
2024-07-01,VTI,2881000,2696724.0,6.83,1.0683,268.05,,False,True,False,False,
2024-07-02,VTI,4207800,2694510.0,56.16,1.5616,269.6,,False,True,False,False,
2024-07-03,VTI,1948500,2709286.0,-28.08,0.7192,270.71,,False,True,False,False,
2024-07-05,VTI,4237500,2686016.0,57.76,1.5776,272.12,,False,True,False,False,
2024-07-08,VTI,2335000,2722786.0,-14.24,0.8576,272.49,,False,True,False,False,
2024-07-09,VTI,2702100,2723768.0,-0.8,0.992,272.42,,False,True,False,False,
2024-07-10,VTI,1992600,2728344.0,-26.97,0.7303,275.06,,False,True,False,False,
2024-07-11,VTI,3598000,2703434.0,33.09,1.3309,273.83,,False,True,False,False,
2024-07-12,VTI,2729500,2733674.0,-0.15,0.9985,275.64,,False,True,False,False,
2024-07-15,VTI,3386100,2738210.0,23.66,1.2366,276.82,,False,True,False,False,
2024-07-16,VTI,3261100,2735742.0,19.2,1.192,279.1,,False,True,False,False,
2024-07-17,VTI,3346100,2749360.0,21.7,1.217,275.16,,False,True,False,False,
2024-07-18,VTI,2904200,2769278.0,4.87,1.0487,272.76,,False,True,False,False,
2024-07-19,VTI,2414200,2771132.0,-12.88,0.8712,271.06,,False,True,False,False,
2024-07-22,VTI,2527300,2782818.0,-9.18,0.9082,273.89,,False,True,False,False,
2024-07-23,VTI,2229500,2781362.0,-19.84,0.8016,273.69,,False,True,False,False,
2024-07-24,VTI,3050700,2777578.0,9.83,1.0983,267.53,,False,True,False,False,
2024-07-25,VTI,3237800,2800142.0,15.63,1.1563,266.5,,False,True,False,False,
2024-07-26,VTI,2757900,2825930.0,-2.41,0.9759,269.69,,False,True,False,False,
2024-07-29,VTI,2814400,2831752.0,-0.61,0.9939,269.71,,False,True,False,False,
2024-07-30,VTI,2174100,2837866.0,-23.39,0.7661,268.59,,False,True,False,False,
2024-07-31,VTI,2541500,2832448.0,-10.27,0.8973,272.57,,False,True,False,False,
2024-08-01,VTI,3767300,2839104.0,32.69,1.3269,268.3,,False,True,False,False,
2024-08-02,VTI,4744200,2867128.0,65.47,1.6547,262.9,,False,True,False,False,
2024-08-05,VTI,8463400,2917174.0,190.12,2.9012,255.18,,False,True,True,True,UP
2024-08-06,VTI,5255200,3039310.0,72.91,1.7291,257.77,,False,True,False,False,
2024-08-07,VTI,3398500,3012354.0,12.82,1.1282,255.8,,False,True,False,False,
2024-08-08,VTI,2922800,3017850.0,-3.15,0.9685,261.79,,False,True,False,False,
2024-08-09,VTI,2667400,3014744.0,-11.52,0.8848,262.92,,False,True,False,False,
2024-08-12,VTI,2548500,3004512.0,-15.18,0.8482,262.75,,False,True,False,False,
2024-08-13,VTI,2316200,2994878.0,-22.66,0.7734,267.12,,False,True,False,False,
2024-08-14,VTI,2335300,2973054.0,-21.45,0.7855,267.88,,False,True,False,False,
2024-08-15,VTI,3031600,2895692.0,4.69,1.0469,272.52,,False,True,False,False,
2024-08-16,VTI,2571900,2906528.0,-11.51,0.8849,273.17,,False,True,False,False,
2024-08-19,VTI,2660000,2910286.0,-8.6,0.914,275.75,,False,True,False,False,
2024-08-20,VTI,2041900,2919682.0,-30.06,0.6994,275.08,,False,True,False,False,
2024-08-21,VTI,1983700,2923742.0,-32.15,0.6785,276.46,,False,True,False,False,
2024-08-22,VTI,2554300,2924248.0,-12.65,0.8735,274.12,,False,True,False,False,
2024-08-23,VTI,2281800,2914988.0,-21.72,0.7828,277.59,,False,True,False,False,
2024-08-26,VTI,2263800,2905372.0,-22.08,0.7792,276.89,,False,True,False,False,
2024-08-27,VTI,1787900,2904944.0,-38.45,0.6155,277.14,,False,True,False,False,
2024-08-28,VTI,1856400,2896590.0,-35.91,0.6409,275.45,,False,True,False,False,
2024-08-29,VTI,3018000,2884678.0,4.62,1.0462,275.72,,False,True,False,False,
2024-08-30,VTI,2029300,2904552.0,-30.13,0.6987,278.38,,False,True,False,False,
2024-09-03,VTI,3818900,2881766.0,32.52,1.3252,272.39,,False,True,False,False,
2024-09-04,VTI,2946700,2904624.0,1.45,1.0145,271.78,,False,True,False,False,
2024-09-05,VTI,3997800,2919028.0,36.96,1.3696,270.94,,False,True,False,False,
2024-09-06,VTI,3599900,2957508.0,21.72,1.2172,266.44,,False,True,False,False,
2024-09-09,VTI,2969800,2992356.0,-0.75,0.9925,269.29,,False,True,False,False,
2024-09-10,VTI,1874700,2998644.0,-37.48,0.6252,270.34,,False,True,False,False,
2024-09-11,VTI,2640200,2979682.0,-11.39,0.8861,273.03,,False,True,False,False,
2024-09-12,VTI,2420700,2974866.0,-18.63,0.8137,275.3,,False,True,False,False,
2024-09-13,VTI,2474700,2939124.0,-15.8,0.842,277.22,,False,True,False,False,
2024-09-16,VTI,2065700,2949648.0,-29.97,0.7003,277.77,,False,True,False,False,
2024-09-17,VTI,2133600,2906212.0,-26.58,0.7342,278.05,,False,True,False,False,
2024-09-18,VTI,3389900,2902184.0,16.81,1.1681,277.35,,False,True,False,False,
2024-09-19,VTI,2660200,2915940.0,-8.77,0.9123,282.05,,False,True,False,False,
2024-09-20,VTI,2293600,2929292.0,-21.7,0.783,281.46,,False,True,False,False,
2024-09-23,VTI,1920800,2903204.0,-33.84,0.6616,282.16,,False,True,False,False,
2024-09-24,VTI,1952100,2887030.0,-32.38,0.6762,282.87,,False,True,False,False,
2024-09-25,VTI,1744200,2858350.0,-38.98,0.6102,281.94,,False,True,False,False,
2024-09-26,VTI,2616800,2828012.0,-7.47,0.9253,283.2,,False,True,False,False,
2024-09-27,VTI,2644100,2813426.0,-6.02,0.9398,282.05,,False,True,False,False,
2024-09-30,VTI,2828300,2808224.0,0.71,1.0071,283.16,,False,True,False,False,
2024-10-01,VTI,4874900,2816506.0,73.08,1.7308,280.58,,False,True,False,False,
2024-10-02,VTI,3637500,2863458.0,27.03,1.2703,280.64,,False,True,False,False,
2024-10-03,VTI,2369200,2891618.0,-18.07,0.8193,280.04,,False,True,False,False,
2024-10-04,VTI,2335400,2877988.0,-18.85,0.8115,282.75,,False,True,False,False,
2024-10-07,VTI,11465600,2859940.0,300.9,4.009,280.17,,False,True,True,True,UP
2024-10-08,VTI,2164600,3034094.0,-28.66,0.7134,282.53,,False,True,False,False,
2024-10-09,VTI,2123800,3021098.0,-29.7,0.703,284.5,,False,True,False,False,
2024-10-10,VTI,2547200,3020092.0,-15.66,0.8434,283.91,,False,True,False,False,
2024-10-11,VTI,1799500,3020206.0,-40.42,0.5958,286.11,,False,True,False,False,
2024-10-14,VTI,1997000,2980850.0,-33.01,0.6699,288.34,,False,True,False,False,
2024-10-15,VTI,3260800,2925906.0,11.45,1.1145,286.36,,False,True,False,False,
2024-10-16,VTI,2215300,2821854.0,-21.49,0.7851,287.82,,False,True,False,False,
2024-10-17,VTI,2810600,2761056.0,1.79,1.0179,287.76,,False,True,False,False,
2024-10-18,VTI,1822100,2749298.0,-33.72,0.6628,288.89,,False,True,False,False,
2024-10-21,VTI,2320100,2727284.0,-14.93,0.8507,287.98,,False,True,False,False,
2024-10-22,VTI,2029000,2720338.0,-25.41,0.7459,287.65,,False,True,False,False,
2024-10-23,VTI,2637300,2709948.0,-2.68,0.9732,285.05,,False,True,False,False,
2024-10-24,VTI,2235600,2716370.0,-17.7,0.823,285.81,,False,True,False,False,
2024-10-25,VTI,2813700,2714376.0,3.66,1.0366,285.54,,False,True,False,False,
2024-10-28,VTI,1874300,2710018.0,-30.84,0.6916,286.7,,False,True,False,False,
2024-10-29,VTI,2503400,2696066.0,-7.15,0.9285,287.08,,False,True,False,False,
2024-10-30,VTI,2204100,2692934.0,-18.15,0.8185,286.37,,False,True,False,False,
2024-10-31,VTI,3027400,2696178.0,12.28,1.1228,281.03,,False,True,False,False,
2024-11-01,VTI,2449400,2717052.0,-9.85,0.9015,282.23,,False,True,False,False,
2024-11-04,VTI,2383900,2714954.0,-12.19,0.8781,281.72,,False,True,False,False,
2024-11-05,VTI,2060300,2716996.0,-24.17,0.7583,285.3,,False,True,False,False,
2024-11-06,VTI,5676800,2712926.0,109.25,2.0925,293.28,,False,True,True,True,UP
2024-11-07,VTI,4109000,2790704.0,47.24,1.4724,295.33,,False,True,False,False,
2024-11-08,VTI,4142400,2835756.0,46.08,1.4608,296.71,,False,True,False,False,
2024-11-11,VTI,3200900,2858244.0,11.99,1.1199,297.54,,False,True,False,False,
2024-11-12,VTI,3474800,2881676.0,20.58,1.2058,296.37,,False,True,False,False,
2024-11-13,VTI,2829100,2874794.0,-1.59,0.9841,296.23,,False,True,False,False,
2024-11-14,VTI,3280800,2872442.0,14.22,1.1422,294.04,,False,True,False,False,
2024-11-15,VTI,4025800,2858102.0,40.86,1.4086,290.31,,False,True,False,False,
2024-11-18,VTI,2990100,2866620.0,4.31,1.0431,291.49,,False,True,False,False,
2024-11-19,VTI,2342200,2867026.0,-18.31,0.8169,292.83,,False,True,False,False,
2024-11-20,VTI,2670800,2876376.0,-7.15,0.9285,293.0,,False,True,False,False,
2024-11-21,VTI,2560700,2876988.0,-10.99,0.8901,295.05,,False,True,False,False,
2024-11-22,VTI,2639800,2879788.0,-8.33,0.9167,296.51,,False,True,False,False,
2024-11-25,VTI,3384600,2883090.0,17.39,1.1739,297.96,,False,True,False,False,
2024-11-26,VTI,3292800,2909468.0,13.18,1.1318,299.05,,False,True,False,False,
2024-11-27,VTI,2730500,2932652.0,-6.89,0.9311,298.2,,False,True,False,False,
2024-11-29,VTI,1811900,2919464.0,-37.94,0.6206,299.86,,False,True,False,False,
2024-12-02,VTI,3583700,2902498.0,23.47,1.2347,300.43,,False,True,False,False,
2024-12-03,VTI,2101200,2928300.0,-28.25,0.7175,300.43,,False,True,False,False,
2024-12-04,VTI,3258100,2931908.0,11.13,1.1113,302.45,,False,True,False,False,
2024-12-05,VTI,2183400,2958028.0,-26.19,0.7381,301.61,,False,True,False,False,
2024-12-06,VTI,2332900,2966812.0,-21.37,0.7863,302.45,,False,True,False,False,
2024-12-09,VTI,2953900,2961134.0,-0.24,0.9976,300.52,,False,True,False,False,
2024-12-10,VTI,2557100,2967330.0,-13.82,0.8618,299.39,,False,True,False,False,
2024-12-11,VTI,2235300,2961906.0,-24.53,0.7547,301.8,,False,True,False,False,
2024-12-12,VTI,2120000,2909114.0,-27.13,0.7287,300.08,,False,True,False,False,
2024-12-13,VTI,2279200,2878764.0,-20.83,0.7917,299.93,,False,True,False,False,
2024-12-16,VTI,2545400,2876964.0,-11.52,0.8848,301.15,,False,True,False,False,
2024-12-17,VTI,3059900,2881164.0,6.2,1.062,299.66,,False,True,False,False,
2024-12-18,VTI,3890900,2713050.0,43.41,1.4341,290.39,,False,True,False,False,
2024-12-19,VTI,4826200,2747576.0,75.65,1.7565,289.98,,False,True,False,False,
2024-12-20,VTI,3837000,2801624.0,36.96,1.3696,293.28,,False,True,False,False,
2024-12-23,VTI,3704500,2827420.0,31.02,1.3102,294.0,,False,True,False,False,
2024-12-24,VTI,2642200,2865520.0,-7.79,0.9221,297.12,,False,True,False,False,
2024-12-26,VTI,4307800,2878424.0,49.66,1.4966,297.29,,False,True,False,False,
2024-12-27,VTI,3636800,2899364.0,25.43,1.2543,294.07,,False,True,False,False,
2024-12-30,VTI,4968500,2927794.0,69.7,1.697,290.82,,False,True,False,False,
2024-12-31,VTI,3893200,2970952.0,31.04,1.3104,289.81,,False,True,False,False,
2025-01-02,VTI,3796400,3012374.0,26.03,1.2603,289.26,,False,True,False,False,
2025-01-03,VTI,2726800,3041900.0,-10.36,0.8964,293.06,,False,True,False,False,
2025-01-06,VTI,3678600,3055856.0,20.38,1.2038,294.7,,False,True,False,False,
2025-01-07,VTI,3317000,3076682.0,7.81,1.0781,291.41,,False,True,False,False,
2025-01-08,VTI,2971300,3098310.0,-4.1,0.959,291.68,,False,True,False,False,
2025-01-10,VTI,4403700,3101462.0,41.99,1.4199,287.3,,False,True,False,False,
2025-01-13,VTI,3633300,3152050.0,15.27,1.1527,287.77,,False,True,False,False,
2025-01-14,VTI,3803700,3174648.0,19.81,1.1981,288.42,,False,True,False,False,
2025-01-15,VTI,2815300,3206640.0,-12.2,0.878,293.71,,False,True,False,False,
2025-01-16,VTI,3130300,3202398.0,-2.25,0.9775,293.49,,False,True,False,False,
2025-01-17,VTI,2603200,3216016.0,-19.06,0.8094,296.2,,False,True,False,False,
2025-01-21,VTI,3893500,3220402.0,20.9,1.209,299.14,,False,True,False,False,
2025-01-22,VTI,3515700,3257066.0,7.94,1.0794,300.6,,False,True,False,False,
2025-01-23,VTI,2647800,3213844.0,-17.61,0.8239,302.18,,False,True,False,False,
2025-01-24,VTI,2359000,3184620.0,-25.93,0.7407,301.3,,False,True,False,False,
2025-01-27,VTI,5321300,3148952.0,68.99,1.6899,297.1,,False,True,False,False,
2025-01-28,VTI,2717300,3191360.0,-14.85,0.8515,299.65,,False,True,False,False,
2025-01-29,VTI,2620200,3176210.0,-17.51,0.8249,298.37,,False,True,False,False,
2025-01-30,VTI,2891200,3172032.0,-8.85,0.9115,300.24,,False,True,False,False,
2025-01-31,VTI,3335000,3164240.0,5.4,1.054,298.6,,False,True,False,False,
2025-02-03,VTI,5037700,3150424.0,59.91,1.5991,296.42,,False,True,False,False,
2025-02-04,VTI,2601900,3191376.0,-18.47,0.8153,298.57,,False,True,False,False,
2025-02-05,VTI,2226200,3196570.0,-30.36,0.6964,299.95,,False,True,False,False,
2025-02-06,VTI,2899800,3187678.0,-9.03,0.9097,300.69,,False,True,False,False,
2025-02-07,VTI,3632000,3194460.0,13.7,1.137,298.0,,False,True,False,False,
2025-02-10,VTI,2623900,3214304.0,-18.37,0.8163,299.91,,False,True,False,False,
2025-02-11,VTI,2719900,3199090.0,-14.98,0.8502,299.75,,False,True,False,False,
2025-02-12,VTI,3283500,3187632.0,3.01,1.0301,298.76,,False,True,False,False,
2025-02-13,VTI,3066800,3198692.0,-4.12,0.9588,301.88,,False,True,False,False,
2025-02-14,VTI,2377000,3223790.0,-26.27,0.7373,301.84,,False,True,False,False,
2025-02-18,VTI,2851500,3199656.0,-10.88,0.8912,302.69,,False,True,False,False,
2025-02-19,VTI,2566600,3214662.0,-20.16,0.7984,303.12,,False,True,False,False,
2025-02-20,VTI,2863900,3200832.0,-10.53,0.8947,301.49,,False,True,False,False,
2025-02-21,VTI,3595000,3214442.0,11.84,1.1184,295.92,,False,True,False,False,
2025-02-24,VTI,4465400,3239684.0,37.83,1.3783,294.41,,False,True,False,False,
2025-02-25,VTI,3509200,3269914.0,7.32,1.0732,292.95,,False,True,False,False,
2025-02-26,VTI,2807300,3288956.0,-14.64,0.8536,293.05,,False,True,False,False,
2025-02-27,VTI,2747300,3300396.0,-16.76,0.8324,288.51,,False,True,False,False,
2025-02-28,VTI,3485800,3312942.0,5.22,1.0522,292.96,,False,True,False,False,
2025-03-03,VTI,7835600,3337074.0,134.8,2.348,287.71,,False,True,True,True,UP
2025-03-04,VTI,6449600,3442878.0,87.33,1.8733,284.12,,False,True,False,False,
2025-03-05,VTI,3662300,3510672.0,4.32,1.0432,287.35,,False,True,False,False,
2025-03-06,VTI,4836300,3506100.0,37.94,1.3794,282.01,,False,True,False,False,
2025-03-07,VTI,3868700,3506302.0,10.34,1.1034,283.34,,False,True,False,False,
2025-03-10,VTI,6442900,3506936.0,83.72,1.8372,275.62,,False,True,False,False,
2025-03-11,VTI,5282400,3561704.0,48.31,1.4831,273.69,,False,True,False,False,
2025-03-12,VTI,3996100,3614508.0,10.56,1.1056,275.04,,False,True,False,False,
2025-03-13,VTI,3932500,3608274.0,8.99,1.0899,271.18,,False,True,False,False,
2025-03-14,VTI,3610100,3614188.0,-0.11,0.9989,276.99,,False,True,False,False,
2025-03-17,VTI,3981100,3587020.0,10.99,1.1099,279.28,,False,True,False,False,
2025-03-18,VTI,3120900,3588778.0,-13.04,0.8696,276.27,,False,True,False,False,
2025-03-19,VTI,2867800,3575268.0,-19.79,0.8021,279.41,,False,True,False,False,
2025-03-20,VTI,2256400,3578088.0,-36.94,0.6306,278.74,,False,True,False,False,
2025-03-21,VTI,3382500,3549644.0,-4.71,0.9529,278.85,,False,True,False,False,
2025-03-24,VTI,3251600,3550954.0,-8.43,0.9157,284.01,,False,True,False,False,
2025-03-25,VTI,2517200,3556560.0,-29.22,0.7078,284.49,,False,True,False,False,
2025-03-26,VTI,2327500,3518830.0,-33.86,0.6614,281.16,,False,True,False,False,
2025-03-27,VTI,2345300,3492714.0,-32.85,0.6715,278.99,,False,True,False,False,
2025-03-28,VTI,3912900,3463546.0,12.97,1.1297,273.43,,False,True,False,False,
2025-03-31,VTI,6064000,3485498.0,73.98,1.7398,274.84,,False,True,False,False,
2025-04-01,VTI,3269900,3544172.0,-7.74,0.9226,275.77,,False,True,False,False,
2025-04-02,VTI,2594700,3557506.0,-27.06,0.7294,277.95,,False,True,False,False,
2025-04-03,VTI,8137500,3531530.0,130.42,2.3042,263.96,,False,True,True,True,UP
2025-04-04,VTI,16633700,3623966.0,358.99,4.5899,248.47,,False,True,True,True,UP
2025-04-07,VTI,16346700,3903684.0,318.75,4.1875,247.66,,False,True,True,True,UP
2025-04-08,VTI,11064300,4183438.0,164.48,2.6448,243.75,,False,True,True,True,UP
2025-04-09,VTI,12138000,4298298.0,182.39,2.8239,268.48,,False,True,True,True,UP
2025-04-10,VTI,7255700,4486712.0,61.72,1.6172,257.43,,False,True,False,False,
2025-04-11,VTI,5007900,4579422.0,9.36,1.0936,261.74,,False,True,False,False,
2025-04-14,VTI,4039900,4621756.0,-12.59,0.8741,264.15,,False,True,False,False,
2025-04-15,VTI,4680400,4635854.0,0.96,1.0096,263.69,,False,True,False,False,
2025-04-16,VTI,4295500,4628708.0,-7.2,0.928,258.21,,False,True,False,False,
2025-04-17,VTI,3401000,4662580.0,-27.06,0.7294,258.75,,False,True,False,False,
2025-04-21,VTI,5523200,4686076.0,17.86,1.1786,252.6,,False,True,False,False,
2025-04-22,VTI,3802300,4738544.0,-19.76,0.8024,259.03,,False,True,False,False,
2025-04-23,VTI,6842700,4741950.0,44.3,1.443,263.44,,False,True,False,False,
2025-04-24,VTI,3487600,4826326.0,-27.74,0.7226,268.99,,False,True,False,False,
2025-04-25,VTI,3220900,4841680.0,-33.48,0.6652,270.64,,False,True,False,False,
2025-04-28,VTI,2507700,4840428.0,-48.19,0.5181,271.03,,False,True,False,False,
2025-04-29,VTI,2209100,4829246.0,-54.26,0.4574,272.66,,False,True,False,False,
2025-04-30,VTI,4039500,4825888.0,-16.3,0.837,272.82,,False,True,False,False,
2025-05-01,VTI,3238000,4849648.0,-33.23,0.6677,274.52,,False,True,False,False,
2025-05-02,VTI,3170800,4863076.0,-34.8,0.652,278.8,,False,True,False,False,
2025-05-05,VTI,2820800,4869214.0,-42.07,0.5793,277.22,,False,True,False,False,
2025-05-06,VTI,2444000,4853730.0,-49.65,0.5035,274.97,,False,True,False,False,
2025-05-07,VTI,2694800,4813302.0,-44.01,0.5599,276.11,,False,True,False,False,
2025-05-08,VTI,2781500,4797014.0,-42.02,0.5798,278.28,,False,True,False,False,
2025-05-09,VTI,2151200,4796498.0,-55.15,0.4485,277.97,,False,True,False,False,
2025-05-12,VTI,4184800,4784576.0,-12.54,0.8746,287.27,,False,True,False,False,
2025-05-13,VTI,3286800,4798556.0,-31.5,0.685,289.22,,False,True,False,False,
2025-05-14,VTI,3198800,4707580.0,-32.05,0.6795,289.41,,False,True,False,False,
2025-05-15,VTI,2347000,4642564.0,-49.45,0.5055,290.59,,False,True,False,False,
2025-05-16,VTI,5440100,4616258.0,17.85,1.1785,292.58,,False,True,False,False,
2025-05-19,VTI,3083600,4628334.0,-33.38,0.6662,292.81,,False,True,False,False,
2025-05-20,VTI,2827200,4612632.0,-38.71,0.6129,291.85,,False,True,False,False,
2025-05-21,VTI,3166700,4540318.0,-30.25,0.6975,286.77,,False,True,False,False,
2025-05-22,VTI,2738700,4498004.0,-39.11,0.6089,286.72,,False,True,False,False,
2025-05-23,VTI,2855800,4472856.0,-36.15,0.6385,285.04,,False,True,False,False,
2025-05-27,VTI,2980600,4451322.0,-33.04,0.6696,290.9,,False,True,False,False,
2025-05-28,VTI,2413800,4438732.0,-45.62,0.5438,289.19,,False,True,False,False,
2025-05-29,VTI,3850800,4407386.0,-12.63,0.8737,290.12,,False,True,False,False,
2025-05-30,VTI,3178000,4421984.0,-28.13,0.7187,289.88,,False,True,False,False,
2025-06-02,VTI,2845900,4428188.0,-35.73,0.6427,291.36,,False,True,False,False,
2025-06-03,VTI,3493700,4439978.0,-21.31,0.7869,293.37,,False,True,False,False,
2025-06-04,VTI,2718900,4442202.0,-38.79,0.6121,293.34,,False,True,False,False,
2025-06-05,VTI,3034300,4431548.0,-31.53,0.6847,291.72,,False,True,False,False,
2025-06-06,VTI,2308800,4441890.0,-48.02,0.5198,295.12,,False,True,False,False,
2025-06-09,VTI,3119700,4441516.0,-29.76,0.7024,295.36,,False,True,False,False,
2025-06-10,VTI,2823100,4457004.0,-36.66,0.6334,296.92,,False,True,False,False,
2025-06-11,VTI,2706600,4435208.0,-38.97,0.6103,296.13,,False,True,False,False,
2025-06-12,VTI,3092300,4368060.0,-29.21,0.7079,297.08,,False,True,False,False,
2025-06-13,VTI,3383100,4364508.0,-22.49,0.7751,293.57,,False,True,False,False,
2025-06-16,VTI,3113100,4380276.0,-28.93,0.7107,296.47,,False,True,False,False,
2025-06-17,VTI,2720400,4279788.0,-36.44,0.6356,294.0,,False,True,False,False,
2025-06-18,VTI,2409300,4001522.0,-39.79,0.6021,294.11,,False,True,False,False,
2025-06-20,VTI,2686100,3722774.0,-27.85,0.7215,293.43,,False,True,False,False,
2025-06-23,VTI,3340000,3555210.0,-6.05,0.9395,296.25,,False,True,False,False,
2025-06-24,VTI,3225300,3379250.0,-4.56,0.9544,299.71,,False,True,False,False,
2025-06-25,VTI,3025900,3298642.0,-8.27,0.9173,299.36,,False,True,False,False,
2025-06-26,VTI,2286100,3259002.0,-29.85,0.7015,301.94,,False,True,False,False,
2025-06-27,VTI,3189900,3223926.0,-1.06,0.9894,303.31,,False,True,False,False,
2025-06-30,VTI,3100000,3194116.0,-2.95,0.9705,303.93,,False,True,False,False,
2025-07-01,VTI,3970600,3170206.0,25.25,1.2525,303.93,,False,True,False,False,
2025-07-02,VTI,4474700,3181598.0,40.64,1.4064,305.51,,False,True,False,False,
2025-07-03,VTI,2238100,3160628.0,-29.19,0.7081,308.03,,False,True,False,False,
2025-07-07,VTI,4255800,3129344.0,36.0,1.36,305.6,,False,True,False,False,
2025-07-08,VTI,3497900,3077606.0,13.66,1.1366,305.58,,False,True,False,False,
2025-07-09,VTI,2838800,3077812.0,-7.77,0.9223,307.5,,False,True,False,False,
2025-07-10,VTI,2598100,3070170.0,-15.38,0.8462,308.32,,False,True,False,False,
2025-07-11,VTI,2909500,3071978.0,-5.29,0.9471,307.02,,False,True,False,False,
2025-07-14,VTI,2364500,3085986.0,-23.38,0.7662,307.72,,False,True,False,False,
2025-07-15,VTI,3447800,3052486.0,12.95,1.1295,306.1,,False,True,False,False,
2025-07-16,VTI,3069700,3056682.0,0.43,1.0043,307.26,,False,True,False,False,
2025-07-17,VTI,4953000,3054660.0,62.15,1.6215,309.26,,False,True,False,False,
2025-07-18,VTI,2609100,3097304.0,-15.76,0.8424,309.09,,False,True,False,False,
2025-07-21,VTI,3205000,3100606.0,3.37,1.0337,309.44,,False,True,False,False,
2025-07-22,VTI,2117300,3110810.0,-31.94,0.6806,309.8,,False,True,False,False,
2025-07-23,VTI,3970900,3097526.0,28.2,1.282,312.41,,False,True,False,False,
2025-07-24,VTI,3661700,3133920.0,16.84,1.1684,312.3,,False,True,False,False,
2025-07-25,VTI,3233200,3123458.0,3.51,1.0351,313.69,,False,True,False,False,
2025-07-28,VTI,4797900,3122386.0,53.66,1.5366,313.6,,False,True,False,False,
2025-07-29,VTI,3745600,3154368.0,18.74,1.1874,312.61,,False,True,False,False,
2025-07-30,VTI,5966800,3182340.0,87.5,1.875,312.25,,False,True,False,False,
2025-07-31,VTI,4685900,3192874.0,46.76,1.4676,310.89,,False,True,False,False,
2025-08-01,VTI,5607300,3224920.0,73.87,1.7387,305.74,,False,True,False,False,
2025-08-04,VTI,4118100,3280522.0,25.53,1.2553,310.53,,False,True,False,False,
2025-08-05,VTI,4491800,3299550.0,36.13,1.3613,309.16,,False,True,False,False,
2025-08-06,VTI,3226400,3334612.0,-3.25,0.9675,311.25,,False,True,False,False,
2025-08-07,VTI,2974400,3342024.0,-11.0,0.89,311.07,,False,True,False,False,
2025-08-08,VTI,2881400,3341900.0,-13.78,0.8622,313.03,,False,True,False,False,
2025-08-11,VTI,4275200,3351252.0,27.57,1.2757,312.31,,False,True,False,False,
2025-08-12,VTI,3340100,3359740.0,-0.58,0.9942,316.13,,False,True,False,False,
2025-08-13,VTI,2893600,3362982.0,-13.96,0.8604,317.66,,False,True,False,False,
2025-08-14,VTI,3487000,3363936.0,3.66,1.0366,317.19,,False,True,False,False,
2025-08-15,VTI,3434100,3363802.0,2.09,1.0209,316.47,,False,True,False,False,
2025-08-18,VTI,3788600,3378106.0,12.15,1.1215,316.59,,False,True,False,False,
2025-08-19,VTI,4135700,3393192.0,21.88,1.2188,314.67,,False,True,False,False,
2025-08-20,VTI,6190300,3429730.0,80.49,1.8049,313.84,,False,True,False,False,
2025-08-21,VTI,2697000,3491142.0,-22.75,0.7725,312.76,,False,True,False,False,
2025-08-22,VTI,3548300,3488620.0,1.71,1.0171,318.18,,False,True,False,False,
2025-08-25,VTI,2792700,3505454.0,-20.33,0.7967,316.65,,False,True,False,False,
2025-08-26,VTI,2832000,3499462.0,-19.07,0.8093,318.09,,False,True,False,False,
2025-08-27,VTI,5481300,3488440.0,57.13,1.5713,318.94,,False,True,False,False,
2025-08-28,VTI,3236900,3535804.0,-8.45,0.9155,320.1,,False,True,False,False,
2025-08-29,VTI,3418800,3546134.0,-3.59,0.9641,318.2,,False,True,False,False,
2025-09-02,VTI,4816300,3566324.0,35.05,1.3505,315.99,,False,True,False,False,
2025-09-03,VTI,3161400,3608928.0,-12.4,0.876,317.33,,False,True,False,False,
2025-09-04,VTI,3042000,3605356.0,-15.63,0.8437,320.14,,False,True,False,False,
2025-09-05,VTI,3872100,3601690.0,7.51,1.0751,319.55,,False,True,False,False,
2025-09-08,VTI,4149800,3618614.0,14.68,1.1468,320.57,,False,True,False,False,
2025-09-09,VTI,3110500,3655888.0,-14.92,0.8508,320.98,,False,True,False,False,
2025-09-10,VTI,3702700,3654300.0,1.32,1.0132,321.8,,False,True,False,False,
2025-09-11,VTI,3577800,3666354.0,-2.42,0.9758,324.78,,False,True,False,False,
2025-09-12,VTI,3055600,3658498.0,-16.48,0.8352,324.31,,False,True,False,False,
2025-09-15,VTI,3200800,3630116.0,-11.83,0.8817,325.89,,False,True,False,False,
2025-09-16,VTI,3709300,3649370.0,1.64,1.0164,325.45,,False,True,False,False,
2025-09-17,VTI,3643200,3638440.0,0.13,1.0013,325.16,,False,True,False,False,
2025-09-18,VTI,3112500,3641346.0,-14.52,0.8548,327.21,,False,True,False,False,
2025-09-19,VTI,3610400,3646820.0,-1.0,0.99,328.44,,False,True,False,False,
2025-09-22,VTI,3434800,3667066.0,-6.33,0.9367,329.86,,False,True,False,False,
2025-09-23,VTI,3455200,3677572.0,-6.05,0.9395,328.09,,False,True,False,False,
2025-09-24,VTI,2957000,3699386.0,-20.07,0.7993,326.89,,False,True,False,False,
2025-09-25,VTI,4108100,3689570.0,11.34,1.1134,325.14,,False,True,False,False,
2025-09-26,VTI,3169300,3710338.0,-14.58,0.8542,327.18,,False,True,False,False,
2025-09-29,VTI,3711800,3674664.0,1.01,1.0101,327.1,,False,True,False,False,
2025-09-30,VTI,4210900,3696718.0,13.91,1.1391,328.17,,False,True,False,False,
2025-10-01,VTI,5983100,3716836.0,60.97,1.6097,329.31,,False,True,False,False,
2025-10-02,VTI,4010500,3794152.0,5.7,1.057,329.79,,False,True,False,False,
2025-10-03,VTI,4894000,3794944.0,28.96,1.2896,329.97,,False,True,False,False,
2025-10-06,VTI,4899400,3819590.0,28.27,1.2827,331.21,,False,True,False,False,
2025-10-07,VTI,4956100,3852914.0,28.63,1.2863,329.62,,False,True,False,False,
2025-10-08,VTI,3149300,3856078.0,-18.33,0.8167,331.81,,False,True,False,False,
2025-10-09,VTI,3803200,3844152.0,-1.07,0.9893,330.66,,False,True,False,False,
2025-10-10,VTI,7886700,3800880.0,107.5,2.075,321.8,,False,True,True,True,UP
2025-10-13,VTI,4476800,3864896.0,15.83,1.1583,326.93,,False,True,False,False,
2025-10-14,VTI,6307300,3842286.0,64.15,1.6415,326.83,,False,True,False,False,
2025-10-15,VTI,4245600,3886070.0,9.25,1.0925,328.38,,False,True,False,False,
2025-10-16,VTI,5328500,3881146.0,37.29,1.3729,325.77,,False,True,False,False,
2025-10-17,VTI,5646800,3923188.0,43.93,1.4393,327.3,,False,True,False,False,
2025-10-20,VTI,3919600,3976636.0,-1.43,0.9857,330.95,,False,True,False,False,
2025-10-21,VTI,4099800,3997400.0,2.56,1.0256,330.91,,False,True,False,False,
2025-10-22,VTI,7357900,3993892.0,84.23,1.8423,328.9,,False,True,False,False,
2025-10-23,VTI,2955700,4074248.0,-27.45,0.7255,331.01,,False,True,False,False,
2025-10-24,VTI,3780100,4075490.0,-7.25,0.9275,333.71,,False,True,False,False,
2025-10-27,VTI,5496100,4081352.0,34.66,1.3466,337.43,,False,True,False,False,
2025-10-28,VTI,3765000,4122592.0,-8.67,0.9133,337.95,,False,True,False,False,
2025-10-29,VTI,4818800,4122120.0,16.9,1.169,337.71,,False,True,False,False,
2025-10-30,VTI,5025800,4135782.0,21.52,1.2152,334.08,,False,True,False,False,
2025-10-31,VTI,4243100,4112492.0,3.18,1.0318,335.42,,False,True,False,False,
2025-11-03,VTI,3344400,4143414.0,-19.28,0.8072,335.8,,False,True,False,False,
2025-11-04,VTI,3288700,4139336.0,-20.55,0.7945,331.74,,False,True,False,False,
2025-11-05,VTI,3147000,4149256.0,-24.16,0.7584,333.16,,False,True,False,False,
2025-11-06,VTI,2968100,4155556.0,-28.58,0.7142,329.37,,False,True,False,False,
2025-11-07,VTI,4707100,4105292.0,14.66,1.1466,330.09,,False,True,False,False,
2025-11-10,VTI,3658900,4134696.0,-11.51,0.8849,334.92,,False,True,False,False,
2025-11-11,VTI,2506400,4139498.0,-39.45,0.6055,335.74,,False,True,False,False,
2025-11-12,VTI,2730900,4093300.0,-33.28,0.6672,335.86,,False,True,False,False,
2025-11-13,VTI,4213800,4084690.0,3.16,1.0316,329.91,,False,True,False,False,
2025-11-14,VTI,3669200,4108126.0,-10.68,0.8932,329.86,,False,True,False,False,
2025-11-17,VTI,4336700,4104068.0,5.67,1.0567,326.43,,False,True,False,False,
2025-11-18,VTI,5563300,4107806.0,35.43,1.3543,324.22,,False,True,False,False,
2025-11-19,VTI,3538300,4156862.0,-14.88,0.8512,325.28,,False,True,False,False,
2025-11-20,VTI,4176000,4153574.0,0.54,1.0054,320.1,,False,True,False,False,
2025-11-21,VTI,4695300,4165538.0,12.72,1.1272,323.8,,False,True,False,False,
2025-11-24,VTI,4167600,4198332.0,-0.73,0.9927,328.64,,False,True,False,False,
2025-11-25,VTI,3654300,4217668.0,-13.36,0.8664,332.16,,False,True,False,False,
2025-11-26,VTI,2745500,4216568.0,-34.89,0.6511,334.44,,False,True,False,False,
2025-11-28,VTI,2288300,4198614.0,-45.5,0.545,336.31,,False,True,False,False,
2025-12-01,VTI,4270600,4182130.0,2.12,1.0212,334.66,,False,True,False,False,
2025-12-02,VTI,2920000,4195334.0,-30.4,0.696,335.06,,False,True,False,False,
2025-12-03,VTI,3779900,4185038.0,-9.68,0.9032,336.56,,False,True,False,False,
2025-12-04,VTI,3587800,4191532.0,-14.4,0.856,337.09,,False,True,False,False,
2025-12-05,VTI,3340500,4204148.0,-20.54,0.7946,337.56,,False,True,False,False,
2025-12-08,VTI,3532800,4188796.0,-15.66,0.8434,336.57,,False,True,False,False,
2025-12-09,VTI,3035700,4196066.0,-27.65,0.7235,336.23,,False,True,False,False,
2025-12-10,VTI,5697100,4182544.0,36.21,1.3621,338.73,,False,True,False,False,
2025-12-11,VTI,3819000,4212268.0,-9.34,0.9066,339.87,,False,True,False,False,
2025-12-12,VTI,4258900,4168986.0,2.16,1.0216,335.99,,False,True,False,False,
2025-12-15,VTI,3571900,4173954.0,-14.42,0.8558,335.33,,False,True,False,False,
2025-12-16,VTI,4129200,4147512.0,-0.44,0.9956,334.36,,False,True,False,False,
2025-12-17,VTI,3980300,4132108.0,-3.67,0.9633,330.71,,False,True,False,False,
2025-12-18,VTI,3347700,4112592.0,-18.6,0.814,333.25,,False,True,False,False,
2025-12-19,VTI,4022600,4116560.0,-2.28,0.9772,336.22,,False,True,False,False,
2025-12-22,VTI,3782100,4120948.0,-8.22,0.9178,337.6,,False,True,False,False,
2025-12-23,VTI,3611100,4038856.0,-10.59,0.8941,338.72,,False,True,False,False,
2025-12-24,VTI,4006500,4021542.0,-0.37,0.9963,339.88,,False,True,False,False,
2025-12-26,VTI,3543600,3975526.0,-10.86,0.8914,339.67,,False,True,False,False,
2025-12-29,VTI,3795900,3961486.0,-4.18,0.9582,338.39,,False,True,False,False,
2025-12-30,VTI,3576200,3930834.0,-9.02,0.9098,337.85,,False,True,False,False,
2025-12-31,VTI,3493700,3889422.0,-10.17,0.8983,335.27,,False,True,False,False,
2026-01-02,VTI,5177300,3880904.0,33.4,1.334,336.31,,False,True,False,False,
2026-01-05,VTI,5442200,3902454.0,39.46,1.3946,338.84,,False,True,False,False,
2026-01-06,VTI,6054500,3864140.0,56.68,1.5668,341.21,,False,True,False,False,
2026-01-07,VTI,6629600,3926116.0,68.86,1.6886,340.05,,False,True,False,False,
2026-01-08,VTI,6800000,3983106.0,70.72,1.7072,340.14,,False,True,False,False,
2026-01-09,VTI,6854100,4009184.0,70.96,1.7096,342.4,,False,True,False,False,
2026-01-12,VTI,5775900,4070966.0,41.88,1.4188,343.03,,False,True,False,False,
2026-01-13,VTI,8088100,4090108.0,97.75,1.9775,342.34,,False,True,False,False,
2026-01-14,VTI,12154800,4151354.0,192.79,2.9279,341.0,,False,True,True,True,UP
2026-01-15,VTI,8296900,4309588.0,92.52,1.9252,342.05,,False,True,False,False,
2026-01-16,VTI,6418500,4408638.0,45.59,1.4559,341.85,,False,True,False,False,
2026-01-20,VTI,13144300,4471234.0,193.97,2.9397,335.11,,False,True,True,True,UP
2026-01-21,VTI,9761800,4671180.0,108.98,2.0898,339.08,,False,True,True,True,UP
2026-01-22,VTI,5505900,4807054.0,14.54,1.1454,340.87,,False,True,False,False,
2026-01-23,VTI,4905900,4823030.0,1.72,1.0172,340.56,,False,True,False,False,
2026-01-26,VTI,4957200,4847970.0,2.25,1.0225,342.03,,False,True,False,False,
2026-01-27,VTI,3689000,4896986.0,-24.67,0.7533,343.27,,False,True,False,False,
2026-01-28,VTI,5854800,4916148.0,19.09,1.1909,343.08,,False,True,False,False,
2026-01-29,VTI,8936900,4948968.0,80.58,1.8058,342.29,,False,True,False,False,
2026-01-30,VTI,9905800,5054322.0,95.99,1.9599,340.57,,False,True,False,False,
2026-02-02,VTI,6024500,5165704.0,16.62,1.1662,342.48,,False,True,False,False,
2026-02-03,VTI,9060900,5174928.0,75.09,1.7509,339.85,,False,True,False,False,
2026-02-04,VTI,8973500,5285380.0,69.78,1.6978,338.25,,False,True,False,False,
2026-02-05,VTI,8838500,5381330.0,64.24,1.6424,333.9,,False,True,False,False,
2026-02-06,VTI,5093800,5464194.0,-6.78,0.9322,340.96,,False,True,False,False,
2026-02-09,VTI,4562300,5482718.0,-16.79,0.8321,342.64,,False,True,False,False,
2026-02-10,VTI,3879400,5500878.0,-29.48,0.7052,341.8,,False,True,False,False,
2026-02-11,VTI,5056600,5523556.0,-8.45,0.9155,341.47,,False,True,False,False,
2026-02-12,VTI,7012500,5578922.0,25.7,1.257,336.01,,False,True,False,False,
2026-02-13,VTI,8039400,5633760.0,42.7,1.427,336.65,,False,True,False,False,
2026-02-17,VTI,7112300,5736148.0,23.99,1.2399,337.07,,False,True,False,False,
2026-02-18,VTI,5718300,5802796.0,-1.46,0.9854,338.83,,False,True,False,False,
2026-02-19,VTI,4401600,5845406.0,-24.7,0.753,338.19,,False,True,False,False,
2026-02-20,VTI,7051500,5866628.0,20.2,1.202,340.27,,False,True,False,False,
2026-02-23,VTI,10771900,5937002.0,81.44,1.8144,336.46,,False,True,False,False,
2026-02-24,VTI,3642400,6091726.0,-40.21,0.5979,339.21,,False,True,False,False,
2026-02-25,VTI,3983300,6050632.0,-34.17,0.6583,341.83,,False,True,False,False,
2026-02-26,VTI,4984500,6053918.0,-17.66,0.8234,340.49,,False,True,False,False,
2026-02-27,VTI,6041800,6068430.0,-0.44,0.9956,338.77,,False,True,False,False,
2026-03-02,VTI,7225700,6117828.0,18.11,1.1811,339.12,,False,True,False,False,
2026-03-03,VTI,10751600,6179758.0,73.98,1.7398,335.73,,False,True,False,False,
2026-03-04,VTI,5462500,6315184.0,-13.5,0.865,338.19,,False,True,False,False,
2026-03-05,VTI,8661800,6357480.0,36.25,1.3625,336.0,,False,True,False,False,
2026-03-06,VTI,8635500,6450264.0,33.88,1.3388,331.41,,False,True,False,False,
2026-03-09,VTI,8505800,6547332.0,29.91,1.2991,334.28,,False,True,False,False,
2026-03-10,VTI,7767700,6645226.0,16.89,1.1689,333.51,,False,True,False,False,
2026-03-11,VTI,8631900,6720450.0,28.44,1.2844,333.24,,False,True,False,False,
2026-03-12,VTI,7011900,6822216.0,2.78,1.0278,327.92,,False,True,False,False,
2026-03-13,VTI,6294900,6886536.0,-8.59,0.9141,326.13,,False,True,False,False,
2026-03-16,VTI,3766900,6940910.0,-45.73,0.5427,329.46,,False,True,False,False,
2026-03-17,VTI,3181400,6946374.0,-54.2,0.458,330.57,,False,True,False,False,
2026-03-18,VTI,3919400,6906456.0,-43.25,0.5675,326.02,,False,True,False,False,
2026-03-19,VTI,5183100,6876000.0,-24.62,0.7538,325.44,,False,True,False,False,
2026-03-20,VTI,6532900,6858572.0,-4.75,0.9525,320.34,,False,True,False,False,
2026-03-23,VTI,7888300,6856638.0,15.05,1.1505,324.19,,False,True,False,False,
2026-03-24,VTI,4382400,6878404.0,-36.29,0.6371,323.18,,False,True,False,False,
2026-03-25,VTI,3625600,6828970.0,-46.91,0.5309,325.15,,False,True,False,False,
2026-03-26,VTI,4794400,6785964.0,-29.35,0.7065,319.55,,False,True,False,False,
2026-03-27,VTI,7027300,6720090.0,4.57,1.0457,313.09,,False,True,False,False,
2026-03-30,VTI,6510900,6617540.0,-1.61,0.9839,311.68,,False,True,False,False,
2026-03-31,VTI,6764000,6581820.0,2.77,1.0277,320.81,,False,True,False,False,
2026-04-01,VTI,5540500,6588730.0,-15.91,0.8409,323.24,,False,True,False,False,
2026-04-02,VTI,3653400,6436654.0,-43.24,0.5676,323.76,,False,True,False,False,
2026-04-06,VTI,4401900,6314486.0,-30.29,0.6971,325.21,,False,True,False,False,
2026-04-07,VTI,3567500,6292406.0,-43.3,0.567,325.43,,False,True,False,False,
2026-04-08,VTI,5384300,6265638.0,-14.07,0.8593,333.7,,False,True,False,False,
2026-04-09,VTI,3436800,6274180.0,-45.22,0.5478,335.45,,False,True,False,False,
2026-04-10,VTI,2581300,6269136.0,-58.83,0.4117,335.05,,False,True,False,False,
2026-04-13,VTI,3027300,6203666.0,-51.2,0.488,338.67,,False,True,False,False,
2026-04-14,VTI,3380500,6085474.0,-44.45,0.5555,342.65,,False,True,False,False,
2026-04-15,VTI,3978500,5954968.0,-33.19,0.6681,345.24,,False,True,False,False,
2026-04-16,VTI,3837300,5914048.0,-35.12,0.6488,346.03,,False,True,False,False,
2026-04-17,VTI,4258500,5809576.0,-26.7,0.733,350.53,,False,True,False,False,
2026-04-20,VTI,4054100,5715276.0,-29.07,0.7093,350.21,,False,True,False,False,
2026-04-21,VTI,4910100,5619588.0,-12.63,0.8737,347.84,,False,True,False,False,
2026-04-22,VTI,2486000,5615914.0,-55.73,0.4427,351.22,,False,True,False,False,
2026-04-23,VTI,3366700,5574388.0,-39.6,0.604,349.8,,False,True,False,False,
2026-04-24,VTI,2705700,5564134.0,-51.37,0.4863,352.05,,False,True,False,False,
2026-04-27,VTI,2814200,5517116.0,-48.99,0.5101,352.53,,False,True,False,False,
2026-04-28,VTI,3071600,5433150.0,-43.47,0.5653,350.63,,False,True,False,False,
2026-04-29,VTI,2742500,5333794.0,-48.58,0.5142,350.21,,False,True,False,False,
2026-04-30,VTI,2723400,5246398.0,-48.09,0.5191,354.18,,False,True,False,False,
2026-05-01,VTI,3752000,5186500.0,-27.66,0.7234,355.29,,False,True,False,False,
2026-05-04,VTI,3012400,5173508.0,-41.77,0.5823,353.98,,False,True,False,False,
2026-05-05,VTI,2722200,5092726.0,-46.55,0.5345,356.99,,False,True,False,False,
2026-05-06,VTI,3794300,4931732.0,-23.06,0.7694,361.86,,False,True,False,False,
2026-05-07,VTI,3500900,4934770.0,-29.06,0.7094,360.2,,False,True,False,False,
2026-05-08,VTI,2867400,4925122.0,-41.78,0.5822,362.87,,False,True,False,False,
2026-05-11,VTI,3672200,4882780.0,-24.79,0.7521,363.63,,False,True,False,False,
2026-05-12,VTI,3067500,4835388.0,-36.56,0.6344,362.79,,False,True,False,False,
2026-05-13,VTI,3305300,4752224.0,-30.45,0.6955,364.71,,False,True,False,False,
2026-05-14,VTI,2931700,4603298.0,-36.31,0.6369,367.4,,False,True,False,False,
2026-05-15,VTI,3404000,4552682.0,-25.23,0.7477,362.74,,False,True,False,False,
2026-05-18,VTI,3577600,4447526.0,-19.56,0.8044,362.36,,False,True,False,False,
2026-05-19,VTI,3169400,4346368.0,-27.08,0.7292,360.06,,False,True,False,False,
2026-05-20,VTI,3153000,4239640.0,-25.63,0.7437,364.19,,False,True,False,False,
2026-05-21,VTI,2766300,4147346.0,-33.3,0.667,365.09,,False,True,False,False,
2026-05-22,VTI,2642200,4030034.0,-34.44,0.6556,366.79,,False,True,False,False,
2026-05-26,VTI,3566700,3942640.0,-9.54,0.9046,369.46,,False,True,False,False,
2026-05-27,VTI,3097800,3888076.0,-20.33,0.7967,369.36,,False,True,False,False,
2026-05-28,VTI,2956100,3874694.0,-23.71,0.7629,371.66,,False,True,False,False,
2026-05-29,VTI,3162200,3870188.0,-18.29,0.8171,372.54,,False,True,False,False,
2026-06-01,VTI,6894700,3855044.0,78.85,1.7885,373.4,,False,True,False,False,
2026-06-02,VTI,2700700,3889276.0,-30.56,0.6944,374.36,,False,True,False,False,
2026-06-03,VTI,3409600,3812632.0,-10.57,0.8943,371.65,,False,True,False,False,
2026-06-04,VTI,3125600,3723058.0,-16.05,0.8395,373.38,,False,True,False,False,
2026-06-05,VTI,5188700,3697922.0,40.31,1.4031,363.38,,False,True,False,False,
